Text,Link
Sign in,https://accounts.google.com/ServiceLogin?passive=1209600&continue=https://news.google.com/search?q%3Dcricket%2Bindia%2Bsite:thehindu.com%2Bwhen:1d%26hl%3Den-IN%26gl%3DIN%26ceid%3DIN:en&followup=https://news.google.com/search?q%3Dcricket%2Bindia%2Bsite:thehindu.com%2Bwhen:1d%26hl%3Den-IN%26gl%3DIN%26ceid%3DIN:en&hl=en-IN&ec=GAZAqgM
Pune pitch under scanner as India gears up to meet New Zealand in second Test,https://news.google.com/read/CBMi6gFBVV95cUxPTE9WMlo5VXJ4ZC1DWDF4RW1uUWpHRnBSY2hGWHdndThXelp2Z1VEVFZ2c1VNSVo4cVNyYjVYVTZaeURKWTloaTZOMVgtQWRISzJRMW9pbDRnSERuZzVrSEw5NE9YeGY3ay1ET2c3ZXEtY3gtNmZsb1FnMkJKTGtRc3BTTGREbkJEckEzVXVILWxVLVZTTjl0VVowWHlYTmtjd0hwQkpJWnlMM3d2Z0JKaFRTaEx4OUlpNS1qUU5kcU9lMjVnaTNkSnhTQXhWbHhsY0lyNmhyenBaTlM0Nk1RREwyLWlpZ3N5d0HSAfABQVVfeXFMUF9tS3FMSXh3V2R3WlU4QzdmdE9MRnN0OTIzVy1MSU9iX0ZBd2xycHlsY0ZYVGxuN2hiZWdDWXdxM1dkMDJiZC1qVHJTRkpxbUl4em04Tl9BbzB4ZlFfSlBZVnh5eE1MUnRFSDVrVTA0a1VKN0NfakpmcElNQWxlczlnd04zVWhGZlhVelM2blVGY0pScG1yNHJHRFR4Qi02ZzhCVDZGbTF0VjJYVUMtU0lka1czXzQ0cThqY0VwaVMxemI5MUctejZLN0pwN1lNb1R4M21jbDliUVBaT0NFb203dmRqUWZ0Zm8ySEJPWlAy?hl=en-IN&gl=IN&ceid=IN%3Aen
Warner willing to come out of retirement and play against India,https://news.google.com/read/CBMi2wFBVV95cUxQbHEwRHBsN2JEUVhWbUlwUnRrVl85eXY1NmliZTZpa1F1UWhfQzBOa2JvRGN4QTd6aF9nMHh6aFZ6ZjhTMU9LZ3VXWFVCTFpSZ2NlcFFlMm43Y3FGekdkMEFsT2pfaUMydDJuRDFEUUZRUTdYd0t5UWN1UXVpakI5bHl1c2IwRkJ0dm1RbEpRd3BoSWNqWU1wYkZKdzlzamwzY21nMTlXRUJ2Qm1wWHAxT1UwRHJTUHJwbjZhV2M3M2luN3RsWHFXOHZJdkxQZWhnM2FPZ3RfamR4SjTSAeIBQVVfeXFMUGhwUTJWVEJzamFUNHJQVDhGRm9Vb2J0Y005OFVZWWhQbnBERUs2ekY3UlU5Mmt3VHNxTnhHbE80NjNETGdRcC1zWldIeGpuWUZZTEdOa0daZ1E1b3VrTDlMdEgxcnMyY0NJVWhQMFExaElGY1dEZGdwd2drdFd4cXlZWk1yc3ZzUTV6VnZaRW1GUF94YWVZcHBTSV9NOTItVjNVeUFTWWcyWHVadVpQOHA1OFN1b2tGcGU0MjhLd25UdWh1aTdhOFBkNzRudXdPbDdnZFhIUFRaT3NkRDVnc3hJUQ?hl=en-IN&gl=IN&ceid=IN%3Aen
"IND vs NZ, 2nd Test: Rishabh Pant, Shubman Gill set to feature in starting line-up, confirms ten Doeschate",https://news.google.com/read/CBMi5wFBVV95cUxPVE4wM2x3ak5uMGVzYU0yNXVHOFU3QW1BTUZiZjZ2WGh1QjhVV0FwNFJoY0MzTEx6V0dqZDRPdDBFWHZmT2YzZDF1Nk81VW9PUndUNGMxY1hScW1leG5pcHFORDhxdGNqeFFlZ1pjeWFjSzBsRWhWYnVxRVNHQS1wZFdZVDl3U1VpVi1pTnlDbnE1Yms2Q0lXZUMxZHhVWnkzUVJ0V0REN0VyVVZ4OFQtWFd2ZXIxRzNOMElBSlppanhjQ0lrR1NueHNyeXE2U3hvZ1c3S3p6SVJQZnIwazF1dlp1STZ3dHPSAe4BQVVfeXFMTldoSUtCU1JIZmo5MWFTbGI1cmgxNmdhcUFuNFJtSGNxVklyUUdUUlFzQlNsNEJpaS01X2QyUmFHd2t1OXE2SzlPVG9keUR0ellXU0MwVE1Nd1pJOU5QdUV6cldsTXJYcXJKS2FEamVTZm5EMkZLblpFemZCOGo4OXE1SE1GX3d3Y29MZW5lbW94UTVEZktPSzRPOXltUTZqbnRhbHdhb0lTbnhFUEg0WXUtZnE3OEdVYk1aNnpvbnEtSEZJaG8wa3V3ZmNfanNyTWFmbjRwSFhDd3NiZUVNbERrZ0Fza2Y3ckQxTVRXQQ?hl=en-IN&gl=IN&ceid=IN%3Aen
"India A squad for Australia tour: Full list of players, venues and dates",https://news.google.com/read/CBMi5gFBVV95cUxPa2pNcjhucFFYQS1JUWg2WDFsN0ZaLVZQYmdqczctZXZzN1hacUhKMkJJTzJ3VlBOYWpkWkFKU1hiLWMxejQxd3lHODZlV2JFY2Z6VEJuRnpnRElEU29NSjlmdzhiTmdua3MzeExDQ2s0b2xlTFBIT1ktcm5rR3B5YWRtal9GS1ZaNkJyazhWZEhBd3JVaDF5UE1nSXI0bHFiLTFGT0FTRmppN2lGelcwMHEwUU5XbExLNGtNVXd2U2E4bHA1NmJxOGF1Qkc2UGdPVlhSUFF0T3hEMGFWVjhrMjh3Mm05d9IB7AFBVV95cUxPNHFCWVNPc2RUNDJqUUpub2NqeV92eEZFcV9ndUE3UzN0Tl9scGFuTjd2cUFhYVEtT0tvbXFPTkJ4ak5aNG1ycVg0NENZV0sxTFJZR3RXTUp3eFN5S19MWDRVcmMyZVV4QmYxUW9nS2NPdjJ2ZUVSS2V0bVhEUlQ3dzBDQWlXR294TzBwaldnWTlMWUNCd3hlZHBIT1Z4U3BMYnVTVUdwc0F0T2U1V1IxZVJuanYwVjBrSlZSZTl4eUNteEE1YnN6b2VROV83V0NLZ05rSXFpRFJrdEowN2tFSUdvRzlRZUpfV1lmZQ?hl=en-IN&gl=IN&ceid=IN%3Aen
CRICKET | A dry and bald pitch in the offing for the second Test,https://news.google.com/read/CBMivgFBVV95cUxNa2pYSkJwbjdpS2trSkNSMy1PSm5BWUd4aWJHblVIWFU1aTFUb3FfdXMtXzAzY2g3ampBa29oT3JpYmxSX0czZHdzZU9SeWwyMm9jekY0YWRERDVYX0V3clI5QnhWNmdFUXNHNFBSSHQyR2k3T1dXWmdIYmNpb3Q4SnFKWHpwaDBWSkM4d3ptYUdfcDlXeGlGSl9NSEE5dXNwekc1WVMta0l2am5qRE1Ic0lwUmxIcDNBa2U2dVFB0gHEAUFVX3lxTE5jT080aC1DOXpyckdwVmdYZ3FJdVB1N3lUd2hjV3BnOWJpcW53MDJFVDV1Z3VGZUdROU56SkFtUDZ2RVJWaVAxNGtUc3d3dW05czd1ZTBOamNpUEFUZ0tLR010bVlXZFJSZWNzMmJ4ZU5BMFk3XzFlUFZBM3UwYVdfc2RiTG5PcjN5emxTOS1lcUxDMWJaaXNHX2pSUVMxdWdjdWJSWm1WSGpja3hEZlRzdERZcFZmVGFOME1JWXFkUFp4RG4?hl=en-IN&gl=IN&ceid=IN%3Aen
"IND vs NZ, Women’s ODIs: New Zealand announces squad for India series; Polly Inglis earns maiden call-up",https://news.google.com/read/CBMi7AFBVV95cUxONTFaa0tNRE5CbUdhcUhub2RzTkFMMkJONm1HVGtteGFQbDhUZTQ0QkctTW5tenlqZkE0bDRkT0FzYUdlR0hsakhiLWR4WV9OMjRnNnEwX1FEUHNDY1Z0WjV4YlU5TW53eUpiV3lZVW0wNDl6MmRTckZZWnBvWUVtQjlhMDZQS2xYaUViZDhLRlRsWE1MUUItT0tUQTFLMGdVLW9tZm90SmJPMmpYWHpGQ0xCQ3k5QzZscWgtTnhxTDhJR0lkc0RnYnUxTFpUdnRBZzE1V0REbGlSV3Y3Q3BKUFZMWDdGVy1JMHh6ddIB8wFBVV95cUxQMGE5dTUwa3kybDFuM3JZeVhNY0ltb0Q5TUlfUGFSLUhfNktsWV9fMTExdC16bmVkeTZrNUVOdnA3Vk5kWlFUeDBGMW45d0VQWkJlMmVEVnlqQ19IVHpkeXl1MU9HcU4xT0c3ajZ0VHZGUWVicVAzWFlEVFNMaHloRV81My1veEp5YkhLcnVYYlJoZldpNl9GV1FGSE4zU3N4c2RwWlFBZWdZUTI4QXNGOTNOWXFZLTk0UkFRbUxqdGpWZUNCMnFEd2szcWRuc2w1bnpXd1FDMmpsUDR2TDJBQzcxcXBrQl8zc2NLVmdmeUVLTkk?hl=en-IN&gl=IN&ceid=IN%3Aen
Nitish Kumar ready to audition for fast-bowling all-rounder role on India A’s Australia tour,https://news.google.com/read/CBMi_wFBVV95cUxOMjd0RjljTnhsQnU2YXkwSmd6X01TeWJSZEJkTHpxOWRWVkhvV1M1cjBkbkRfbVhVNW5HNEtVZ3EtMHFOemNTRXU1di1WSnptemtaUDVCWDJBZm81TXdTNjI4ZS1xbTZwSFdjS0c5VERReUFyTXNSb0xLVkdta2YySlFzX0VXVExlcGExLWwxdmV5cHkxaG55MTdoemp2TVYzT0FOd09SU0liOE96VGpSUlNhZHR0QUttaC1RUTFiYTlOd0ZjZV9WeVlraVQ0Q05NTE1xb2x2amRldEJXVGdwdU52S2dJYVZjekZuVVZKN3VPbEJ3M0pseHd5YVRuTDjSAYYCQVVfeXFMTkpsdDFkenRybEMxOWtBczlIa0ZnU2dQQ09ZeXpaZDF1Tm1sbURtRkwtVmMtRDdDTkZlX2c4VGhjaG1ZeGZwN2t0SmRMNjdFMXN6R21XeC1xejh0YWY1NFh1aU1zdFR6UVhKNlh5V1YzMm10TllsTFFMVjBfU0RRNFhTbEYtWHo3VnFKcGhqcGg4REJCcWZQdEMzMXc4LWYzeWZ0bEJNRXZGazBrV19BU25Fenp6VU9UTG1MRjFneDYwM1NXVzNlSXVVMG1SU2lZWWJpZU4tRmlReHlpVnFfTkxkZHRNT3ZyeHpFeGRIS2pieXFHTFVBV0NPM0tjMEpqQmxacjNNZw?hl=en-IN&gl=IN&ceid=IN%3Aen
"India vs New Zealand | Gill, Pant set to be available for second Test",https://news.google.com/read/CBMiwwFBVV95cUxQZGk0VndKTndHY3djTDZ0M0VlbWY3c1p1R09QQWpzMmI1X3Q2ZG1Na1I2RDhYN1VfU0lSNnoxVFJreGN0cHROTW1iU2g3YWx6V1RYcVAwdGd6QmtqcFVTVWs3MkZoT1l3MzBvYThZMmQ4aHVkSHdFV3dFT1B3WUFVTDUtOUR0M0pmaWgyYmZmeFcyMTB2bkRCQWlyZlpPeDI2VXByMExJd1VIeE85blhNR0hsc0xHcDJrd0NMYlFnQUZZSEHSAcoBQVVfeXFMUHBLeFowMmFvUzBsTjVKeFVZZW92OXdiV0dFTldfb3NFLXBoa1VVVW1DeFFnX1Z3bUpKOHNJWFptOGZyejlWUE5jcFkxNUZ6YjlBWVZLbjhPTE9vLTRISlNlWWFjSDhhN3lKaU9jTU5HU1k2MWFaRGpqbmdDWmdNellmclhNamhDRGVQSEM4d1F2Z1d2bzVBd2F3dVdmR253RFEwUUoxempoUW56eDdHZU5TSGFWY1JKTmFPdG5YSURKbkh6S0gybG9yQQ?hl=en-IN&gl=IN&ceid=IN%3Aen
IND vs NZ: Kane Williamson to miss second Test against India,https://news.google.com/read/CBMi9wFBVV95cUxPbDQ2YmtEc3pmU3NYendZZDdoY1U1Vk1FWFdQSnlsTHlfbG8zT0ZCZUNaWm5wQTZ6cGlWVWdwcFlKa1FsZGZ3elhubVF5NUJ4dy1KNjg0VVVpdEVfcUhNRkRuWVQwWktoRU1HSERQa0tEX1RMTGF3WHB4Ml9sQjBmZ3ZqOTc4U1JJSDc5dFBhUk8tdkcxQ2o5VTdSLWN6TGIxVmlTOFRfSTB1U1h3ejNGX2YwbS11QVgtVWRFcXNUeU9FZ2JtclhZOXFsbWcwNk5Rb1JHcWFqX0lTQ1BmT09zeWl2Umt0WWY4akRDZE5jRkdQdEs2Umpr0gH-AUFVX3lxTFBKUkZxWERhLUpSZ1NuVVdvVkxPb3p3RUVIZFRwMG45SWt2TnlhaE80UHhvc040emEwZWJsRjVrRVo5Tm5QMlhkRDJBbGhNa3NmY3U2Z3BqQzF0RUdsQVNNMFlpTFgwLUI1MGQ4bHhPQUZwTC1ra0w0WmhUWUVDTHpZX3V6S1pLU1YwdXkzRzQ0VFRlMnhwS0VkMUxtMjgyTlhIOWdPVkhXQzE0eXJRUGVSQzdIY2Zjd0p6czcwdDctaURtQ1dFb2ZrcGN5RGVLQW9qY0ctZUtZM2NMSnNhUTZwSjNFZVpCUUFGOS12QUJlYkpZaHlSdUxjRFFRZEln?hl=en-IN&gl=IN&ceid=IN%3Aen
"IND vs NZ second Test: No point sugarcoating, there's fight for a spot between Rahul and Sarfaraz, says Ryan ten Doeschate",https://news.google.com/read/CBMiiAJBVV95cUxQM0JpX09IQ3hSYnpqNnpKdW0zb3k0S0dFeEdaVF9scjdKNWYxNjQtNGFmRHRybDdUTWNYSWFOR2ZvdDR6cEctU3prYkxJc0IwMXVQdFJSdU5aZ05JbVdZZFRaUWdRZDZobUZiVUdFRnNaUV9odThxdTFjOWRPRDBPZUNWbWYtczVPZm5MTVMtN3phcTdWZnZsYUFtLVluYkFycWRQQ2JIS1EzbHB5Vk5QM2lUOWtRQjRHUUdzY09tQV9nUlRJWTFrcWx6SHpmbXQyblRHbGZqM0RDX2t0TkFwMm9nUTN2YUg5OUZwaVVCdjBsWjFCeXZDQTBTLTF1S051UzNzdFdlRXLSAY8CQVVfeXFMTXRxVmdfY0I0b0hqTGVZWEcyV0N6aUZRQzd4OUMySDZyZG5iMmhoRkZsdGxUanFBdUpTY05lNEMzck5wSFRjU0dVTHoxNUxHRXlodFBTbi1oU3BMQTloQUE1LTJvb2E2Qk94YkRSTzRoQjNYS01iUWkwUjFPM0N5SElVSWpLSmROWWppR2thSUFoeVhNUXFfdTdsem9Xb3Z4dGdrTGpiTE9CakpCMkhaWk9aSlFBbkstNEJwWXBVVFZmUXQ0ZnZoa1Z4RzI4TUpucnhKN3RvT1Y2eGd6TEV3SUZ1Y1lFYmF3elE1MzlEMVE2N2ZJR0FJT25BZEJNdmg0UC1HTTNrQnQyTlB1a2tTOA?hl=en-IN&gl=IN&ceid=IN%3Aen
We're here to make amends: Pat Cummins ahead of Border Gavaskar Trophy,https://news.google.com/read/CBMixgFBVV95cUxNYnA1MjJobVQ1VWlyQWp4QzdfMEp2RzBuemNwTmNibmk5T0dxRVpmX1VjMzk0Yk5pa1BwVFdnN0I0NHBEaEE0VlZ2US1yNzlyTkE4V1lLRnpLcW1paVVIOTN2OGJETTgxT2xaaUpVSWlEUzU4UHdFTUNvNkJwSnhtel9wQlRFdWlQUU96NnVYNjJTaDR0UUs1dWFEVDd0UjJ0cDFIeGthcUVvY1p2Q3lVcUgxUl85MFgzSFBCRk9vVklCeDNMSmfSAcwBQVVfeXFMT0U2T2d2bkY2dW5ac1V0NXhXQ1Vnb21xandHdVI3TVN6WGhCUnRQNndkTW1DZHBzaERaWDJqZjBrZ3BELTNyRUFjMkNrNXgxNlZ4UU4zNkFRYi1hcnF1RVRRNlFickVJNkw3U003MWJqRjJrbHF6eDhIMUdOMHUyYzBCRzBLMU1ESWRCeVpaWUtjMzlWcmRBemZycDJUaldaNXZpZ094V1ZNbXZYMmxzYXBQVl9BSi1OZlBueVdNZ1JVXzlMNkpRRGRoNjNs?hl=en-IN&gl=IN&ceid=IN%3Aen
Two A.P. cricketers selected for India-A team for Australia tour,https://news.google.com/read/CBMizgFBVV95cUxNWFBab1NiQnpOd0traXFrOUktYVZGQ2ZOV1R3MGFyWDZpN3oyUXVXQXdUdUNFS0tFNnlvTjB1NG1mYjhNVjJsTjBZMnZBSXBHSC1OR2pJdWxXeEZfUjNaUExCLXRrZnFITF9MZzFZbUxzaDB4VFZuOWVvc29LbzJuRDFGaV9NbkFSTzhMMkhiNWJPeHdjUHJnSmJrYlN4RnE2aFM1a3RrZzBZNFd0VmZsRTFsQVBmWi1ZMW10UzRtWUVzdGlKVGpiZHYtajJfZ9IB1AFBVV95cUxQcVIwVVZJSGpnM1dvVGtJLUhFSzFKM1ZYemNzVG1NT21rcHlKUnhCSzhQNEFWMGVZeVhadkFMVC1fWnRZVlctdWdtU2FBVDhNYnl5c1NDRjdTRzRIRm1pUnFVX3lheDdHSlpHTGV3N1lLb1NhQlIzcDhLeVlkOFJjLU5vMDlkbG40TG1lY1hqWnA3UU5laHlVNDBRRDdYOEJhYTR2dXlmVG11M1RYQkkzQTAyN3hZem9NWDZlSGh3cldNOFloNHM4NGtCVTYyZWJqU05ORg?hl=en-IN&gl=IN&ceid=IN%3Aen
"BAN vs SA, 1st Test LIVE updates: Rabada strikes early to rattle Bangladesh",https://news.google.com/read/CBMi7gFBVV95cUxPXzI3MzlZN3ZQel9hY2o1Y1VFd1p6QVJERTNHSHhoTUVFZGpqV0lobjQ4WG1COU1GV2JwOC1LSnlvSU9tZFdjTGx2WEZHM1hKQXVtMlhnM3MtYzlNdTBNNkNUai1IbFlxRHRGajJlanFTeVVfTkpGNDl2NllWdVc1bFRGaUM0VG1qYTY3UlZ6Ym41Q2hTTmFVTEo4X0pwNF9EUmxmUlg2YTBoRlh1ZnBqM1kyNHMweng5a2FRTm94SGF3S3RTWXRnX3NJOWVXRFBTelRka3RYV2xEUlVpS2RyLUdDaVpqdVltRHVuOUV30gH0AUFVX3lxTE90NXN1am93Umd3Wi1lOXd4RDhvckRFZjBRODNvNjFmZTJQc3JMWE0zTDQ1clpYbW5zeWJOcWNySkdiclZ1OWoyNGhSTUNjUEw5LV9IMXBJS1ZNSm5CYTdoY3o3TllYdjl4SjVjOVNvUE9fc0hLV3NfN18xbXYya2NCQ2VWanYyUTVyYVNWYWRKcXotVTVZaFFyd1pDVUhoQVBzZDFfeWVlY1llUWRnSzdoNmdobXhtTkktZm93TWVjUzB4Qm5neDBzbkFIM3M3VmxNOFJJcnVOY2VpR1VzT0lTNUJDejAwVnJRR0hkSG40QTM2SWE?hl=en-IN&gl=IN&ceid=IN%3Aen
"Mohammed Shami major update ahead of Border Gavaskar Trophy series, says he is pain free",https://news.google.com/read/CBMi4AFBVV95cUxPbUhPcEZFTlBVTDc1ZzNBMTlvQW1fWFphRjhrM1dXLVRGMll2QmJUUnozVkpXSlVkcklydVRpOC1EdDBHS2VhSW84a3RVUDFBSDVVWi0wUXY0VmxaNnBGYWRXTFhZRnNoSU1IQVRER0wyUEUxaFVKc09IVGxPQWJQLXByb3EzeVFER0FXRjNySTY2UHFQeTBTSXVaQXp6LTRPZjRzZFB2UE5ob2RFUDJjR2RDdlJzalFzQ0FkXzk1WEc3OHQxcklmVU5lUEdpU2dsbTdFNWhOSkJ2cW5DaXgzSNIB5wFBVV95cUxOZUwzYm5CWHBUTTJQdXBwV1IxZTN1VG1DMTdCZXdwRU1WZ2FOU3VPOFNaOXUzaEZxWjUzQV9nWnJEVmNodTNuLUJoLXl2YVdZNG1TeFJOM3pURDFJNzFBa0w4RG05cUg5b19BS2VlTEdhSE1FQVZ1ektqT3czUm9JQkktYWpiOFVKUlhsWWdBZUJPSDJqUUwyYUZXcGx2NlBCdGJKQzZ3SWRzeFdRRmllNW1fUFdfU2ViVEtBUWhZVmpEYk9HaXdxVDdwVmw2X3RUT3h5V0I0MkI0ZDRFNzNqcDVNaWwyd1E?hl=en-IN&gl=IN&ceid=IN%3Aen
Sign in,https://accounts.google.com/ServiceLogin?passive=1209600&continue=https://news.google.com/search?q%3Drape%2Bindia%2Bsite:thehindu.com%2Bwhen:1d%26hl%3Den-IN%26gl%3DIN%26ceid%3DIN:en&followup=https://news.google.com/search?q%3Drape%2Bindia%2Bsite:thehindu.com%2Bwhen:1d%26hl%3Den-IN%26gl%3DIN%26ceid%3DIN:en&hl=en-IN&ec=GAZAqgM
Marital rape case highlights | Supreme Court to hear pleas on criminalisation of marital rape,https://news.google.com/read/CBMiswFBVV95cUxNQTlSNlYwZjVNYnNPRmNlZ01RZkE0b2M0RlYwWE1kcnlockx3YThRekxESFh0dVdqcEkwSEgtUFpfRHhWVkRaNzlMSmIwQm5qbEloU0ZJQWNzYnB4aThTdE95NkhiN1BNVkpUcDhZSlNFM1BWNzFvNVB1aFRPN0hMb0NTSzI3Zk5rQmR3cm50T3ktTTdsbVFnQWtCOFQzZzkxSGF4Nm55cVZRbGxYUFpMdkQwVQ?hl=en-IN&gl=IN&ceid=IN%3Aen
RG Kar murder-rape case highlights: Junior doctors meet CM Mamata Banerjee; decide on setting up of task force by March 2025,https://news.google.com/read/CBMi9gFBVV95cUxPOUI4SHpuemJhb3h0cUhvQVFjZ0ZVX2RKNXFDN1R5UzBraTdGTWFfWkxaMElDenBnUm5oWE1tbTZkS0xCeU45T200RmFHNXN3c2xVX1M1Wnh2SnhBRS1qaWhjNDdtSGFSUk9FOHJwQ2JnRmljaEZPQ2UzYjZEbF9LTlhSZk9VcmU1V0RGR214VlVCMFllQWE0djEwcGthSnF0OXFibUxWR1VVWUN1WmtNZnV4eUpmUnZCOG1BZFFEMnY1SzVkTkx0SGsxaWx6ejhDZEhwMEZyNy1GOURYdUhFOXZoTjdQb01JbF9fNnFwRkwtVjVjZXc?hl=en-IN&gl=IN&ceid=IN%3Aen
"Father of R.G. Kar victim writes to Amit Shah, seeks appointment for guidance, help",https://news.google.com/read/CBMi1AFBVV95cUxNR0NaTXZUT1VvekFTaVNnekctX0V5YjFVRHNPZmpWYUVhUnA0RmtWNmRMUzBkNUNrWDdjRGU4NjB1TmdqRDZIYUxaVVFCS1BteXk1VGhaSUdXZG5VZnljLU03a0FpSzZmX0Z1QmVEN3JrYkYwbWNBWjg0NlVXby1MNXdxV25iTGo0QVlkRGhGZ3RzTWJJVUtmd1dBNjBYQ2RJN0tsNnpGV0RpTndTZW9QX05tbGpXQzMwcHljTWdJbHFOV1NYN2ZBaHlCX0UwVy1Cc1M0YtIB2wFBVV95cUxOUzJuVWNlUklSeXdyWFNvaFFyTmdZQ3hMNnp5MUttaEpqbGFycnhDT3JNaVpOV0xwMHNVRkNrN052ZWN5N245Mm9Vb1BwczB6V0ZGOFF5UllhYU83ZXZhVUprM1NWOUloaGJoVHdPX1BwQVUyUnNUM3VmX01sOTlpbEJ0TlFnNkhDcUdYZ245QU5lN0sxQTlhWUd5Z2JBazRQeGRGMmxWclY3T3lTWUVjaXVscko2TnJlWjE5YndpLUE1d1Zoai1CWVY2cXR3NG9MS3lnV1VVRWtoaVU?hl=en-IN&gl=IN&ceid=IN%3Aen
Kerala Police in Supreme Court seek custodial interrogation of actor Siddique,https://news.google.com/read/CBMi2wFBVV95cUxOeWJaZ0VCNWktY19uS29RTmpUazdjMm84QjdxcF9kNjFwZlZGbGpQaVlEV3VqbUFaTTlXOHRhajBJQkdYTFJ2VVRvVkd2ZFZVRVRMTHJScXF6bTZZNkVQblBDY2JXSE1idHFnTHpTMVk0VmpycllteU1vLTRaN0p3X1VfV0J1NWFLMmVBVDhkeHRzQ0xTWWI0TUs5UlFGMWItYTNjckNuc05BMjU4WF9iQ1drUWtsemhPUmhfSzBONWNmQ3ZidTVJRWQ0ZVcyN3N3cWMtcjJNV1VoU0HSAeIBQVVfeXFMT2pNOVZpM0Y0cjZxdDBWUUtZMGlxSUVRUV84Sk1XamlPZ19oSk4yb2d5WmdMTkZrSHA4MEFBZWxYYWRTN3MwcUFVN2FmamhUM05VNHRfVk1MdWRTMXREV1ZsOXFobmlKUkN2ZWYzcGs1SFdWd2l1N2I5cUN3N2M4UU9ZdUJzYWVNMENFQ2U5ejg0Q01pYmtiU1pmYWdZbExFcmgyalctckFZdzdOTnRWZFlzQk5mcDZNMG5kbWJCc2FsajVweElUVTNCY1hnRU9EeUt4c19Ha3ZhSkNzbmRlbUY0QQ?hl=en-IN&gl=IN&ceid=IN%3Aen
"Laws that regulate minority institutions do not breach secularism, says Supreme Court",https://news.google.com/read/CBMi2wFBVV95cUxPZmp1SlNSazRTcjhOZVJkVFNzNjZXYW43WHZyQXA0ODEycXI4b19JU1MtbF83Tl9SRDNqUS01b2xnbjVsejhfWUxuVzEtSTQ0RHhrOFhfdlQxSVlGSW96TjdUTXF4RzFZMTY3SFJqZEpOQTlFR1l3N0JlLVo5eDdyUjJNZjc3d09Nbm9rZV95VnJHSXdKeHl0eWFXT2lUcnpPSDgwYmUzRDRCa3ZhMnpydWtpNTNvRzRrMzdGSGtrZ0d2QnZpTGlCNUM5bWdQTERyd1FzUV9WUGV1R0XSAeIBQVVfeXFMUDJVVEJSWldOeDQ1bkdETUlUTE9YSVJjM1JBbDNyT2ZKbTdacV9lRjV3RVE3bnhsM3JkbERESmxSeEttNTJLRHBFSXV1a2VmRzJPTUo3c2hfVEhMMGtKd2J1QThoRUtPdTUzV1lPT3NWRmFnMF82ZVdKRlJOY08zMEFSQVliY1BUMzRlR3AxUFF2bjVuV2lmeGt2MHRFeEZZNzJIeVhZVnRVOXdmRFpTQWZiMUNxaWNtY181elpZbjhnczVWQldJcklMVU1lV0NMZjFDd3M3WXF0emhFd2hXVkpHZw?hl=en-IN&gl=IN&ceid=IN%3Aen
CCB rescues 12 minor girls forced into flesh trade in Bengaluru,https://news.google.com/read/CBMiygFBVV95cUxOQmktbEthYlhVZ1BaXy1uRTdrMmwzSTNmMHpwU2x4OHR2T3NGVUFMNHhzVGtYUkdLZktRSXNocEVjeGhJcnE4eW85WXJ5SXU5NTdCSlFJYWx4QnhlclNIRmJKOTl2MWd5LWltSFlWM0dIZ1dobzBkcHFPUXF0TktxMm56QW82UTBfeHc2Z0Joc2tYNDBqNGtLLUdHRWlHeC10WEVUb01GZkNMVDRkaTZDdDFSN0JYYnpNdmQtSFlYMEhuZE9SNHg2WXhB0gHQAUFVX3lxTFBWSG5WazZxcnRnaGlKVFNLWm1fbmhYbW85VGlZczAzTXJUY2Q4NDc4WVdaQTRiNjhmSmVrNkFPZUJWTkV1X2VJZnNKbUZfek92ekEyUzB3ZVBOd3kxU3NaaXhURlZnR09zRktWLXRfc2hIeHlDTm56WDh3T3hHV0tHM3gyZVRpUG8xLUdTbTdXb1JiMTI1RWlOU0N5MHR1Qk0ydHRYQ3FyODZuMGJJWm1PZ0paZ1hNWmlGdE1oeGtvb2dWcGw1WWtzb2tKUDFNTEo?hl=en-IN&gl=IN&ceid=IN%3Aen
Official gets four-year jail term in graft case,https://news.google.com/read/CBMiswFBVV95cUxQWFVBeVNCdlQ4YXowUS1kbERKZ2x4T1dRSWdDZVlNcXdVSDlnaGROUzhQTjdKRWVkSllZLUpVMEEzNjMyNGl5VzJySTlZWktuSndsZnBTdTVubmRWSy14WHI0eEpUYjRMOW1FUFp1RFdDekdZSVZjeE1DZEtxc2M0aVBtaXZVOVFhNU1wV3pUcW9qZV96MW9taE5jeHlKSHR3czFCUmRISnY1MlZxUkpac1BHc9IBugFBVV95cUxOUFNiczRHRkcwNTFvcXBHVFEtaVoxblA0ckE2YThZYjJWdldWd29WTTI3SnV0bmUxY3BTeTRFV0ZtMXlwdTV5blYwOHVqS1dvRmE5bXhIbkloMEtldTczZmtRaWRVOUZaVy03Wlh5eThkSnZZaHh3YS1GNk14ZjVucVJ1V2Z1ZTY5ZHBoSGswMFIwSTFqS1Q0dXZNdFNIb1R3MGdMdGpKdHF4aXBGeHg4ZDczc0xlaVRoWGc?hl=en-IN&gl=IN&ceid=IN%3Aen
"Hezbollah hides millions in cash, gold under Beirut hospital, says Israel",https://news.google.com/read/CBMi0AFBVV95cUxOT2Izay1zeEN2QUw1Z0lWaTNKRnlYRGxweXp3WGxXWWt0U2tBeWs3ekNWeGdEYWNBVTdKZ0pianpIcmRGWjNJWUQ4RzZWeFVXcllaVmIwN1VHZXZENDNmXzlyUDdyZVdxNldZWHhpVjJCb2tNU3lkLTAwdEVGWE1aQVpsUzM5T2xyTVJZLW1wUGRaclNuLUZzdHhRLXM2b25IZlJjYUxTNE9VblE1TFJyNFNKSk9Na243Rl8wckFqbzVDZC1SalJsUlFCMmR1RGpk0gHXAUFVX3lxTE9FQ1ItckZrZ2tGZUJ0cnZSRk5hZy0tdW9COUJDYnJmZFVUNEwxUGFySVBTN21TUDJiSHRUZXhqWmQ4NlV0d1VCbzR1RVZJc3BaZmhOREdlSTNuaFM2NGllczU5cW5pNEtRaDUwck1KV2M2eEVGYUQwQ3hUYlJEOHFMZkpyTzVfZjh0TWVmY1NzalFCZURkYy1fTVVtVkJaemtvbElvMWJ2OXY0UDJmaWRiRHBxY20yVzFRc1JfT1AyVDVweV9PeF9VSHlfa3dMMjZCcG1faWFv?hl=en-IN&gl=IN&ceid=IN%3Aen
Supreme Court extends pre-arrest bail for Malayalam actor Siddique in sexual assault case,https://news.google.com/read/CBMi6wFBVV95cUxPUkkzMlZPWF94X0hrMnVkaEV0bGQ1QlN4Mm1KRTBQMk1aM0NJWnRpRUlaaDVDQXVfTk1IbFo4VXpPX0R5YTRrTklVQV80TzZONWhwOHh5OV9LTzVzZkZNQUdBbGR2clBFdTZVVUV0ak9NYjBHaFB1M2dVdmtaRldJc1pNeDFGdml5a3g3bFNCQ0ZrT2xwWENMNlZZTm1Hend4V1VPQXlBZGtTM05lSXdfT01YLTVKODdYWENuczNPZi05OXJ6aDNKVWxIbmljZWJjSjZ2bTFSVzkybEdMTGY4SzVVYmhaN1RJLXNV0gHyAUFVX3lxTFBaTURHbHRrZW1kZGRmek5aSGFDdFNuN3dmQ0gxMzV5RVdaVUtWakNWdVpzamNVN2FFUFZVODFROXJGRllDU3NmcXBBN0dYQVg3TjctbXBld1RIOHVma2l2TUU2WkwwR05icGIxZWxUaU5STWJtekhlcTBRUlo5bWgwSkRMWDAyZ3htMURqZEtjYXFsekZpZVkyVzhEVHM1VVM4YmZVLTJMQjY1NndPb3hRcENyeUZoQ2JrRlhwV001c0ZOMWxsZW1RWG5namJ6a3BiR3hHMmJzbDR4U0pvZzYzWk1FcUNYREw4bzdMMGc2ZWFB?hl=en-IN&gl=IN&ceid=IN%3Aen
Harvey Weinstein diagnosed with rare form of bone marrow cancer,https://news.google.com/read/CBMiyAFBVV95cUxPQ2JZX21uUGRIUGgyTE5pT3pxUU5JVnFUX0NLeVdQLWNLWTY1RXhnRVpBbVQtZ3UyTUl5Q3JkVVhkSE5QRHZiUXQ0Vll3Zk81c3E0b3lNU2tMYTBQdjlqR0Y1UWNXLUJVZFV4b1V3d2RvdEEtQUQtb0g5Z1RQTG9kTFhCMnA2aERtQ3A2eG9lR3BSaVAyY2NVMFJmQUJKSXltRFhPdVhDNW5pX0ZOaXdqVmV4STB3cWgtWGVyZ1dLNHpfdmlUcTQxU9IBzwFBVV95cUxQR011OVljODMxbHhaLTdTMjRNendIN0FtY0MwTWd2MkQyd0JJeVNFSEJiRWZ2RTlvc29hSDZWY0F1NVQxdWk1WE9hQkhwaW5KVldMNWFVTG1SS2ZhVEFtZjJRTkFsN2VqTW9wY0RBU3llc0w5TTQ1SE9qQVh2cGJZSXFqQzRZWWhvVk8wUXRzMlpoOXZjQWtnbDU2UjRhdnpsVzRtZE52QTJwTW9rdzROQVdvLTN3WXJfZ3hvTkppR0ZiaHI0VWNoTFkxdTBUcFE?hl=en-IN&gl=IN&ceid=IN%3Aen
Couple abusing police personnel on duty nabbed within a few hours; apologise later,https://news.google.com/read/CBMi3wFBVV95cUxNOHNGX210dDRZSzFGX19oblQ4SE1feC0teEg3TThVWnNyTWROMmFTYkh0QkYwVHlYV3J0c3dvSEViaWgtdW1CcFNPY0FmMnp6czQ0bU5rS0dkZElwZmRXbU5VS3FBQ0pvNUQ2RHF1X2V1UmhDN2FWcFM3eS04N2hmRS12c0dGNHRweTNEMzM5cXY2TURZS2RFZmNTZmRhenE1SnFSSlIweXluRHJQZ2VkektySWRmTjdadUlsTEQxNlNOaFVnZDJtem44VDlIbkNYZjVIcy1TR1VveWkzRjVj0gHmAUFVX3lxTE5GMmlldjR2TTJjSGxBelh0T1hDV0lqejRINEc4V0hhcDFEZHRtS2stMnJEcDVZb2NtVVh1TkM1T3RvVVVqYkVoWHF3bmpYTUtjODdoaHk1eURNUEFzTXA3NTNHWWk3bXM0RU5DM2swWVRmTFZsME4tTkxpQ0pjbmZIOGZtdFdhOUlmMHpxZnd3SUZXV3VWb3RXYXVKWGcwcWxJZFJQUVN3M0JjLXZaVkVuR2FvY2s1ZUFjVmg2eU1CT3FuRGVSU3FtQmZVc09hblBRMGdsWkZ1akxsaW5Bd3NSNksycnhB?hl=en-IN&gl=IN&ceid=IN%3Aen
"Sexual harassment rampant in Maharashtra medical colleges, finds survey",https://news.google.com/read/CBMiywFBVV95cUxNUTVfTHBuZjRtQW4xSFYxUTA5aE5aQkl3VU1ic1VtOFBLdkx0aU5oZ2Fxb2RORjFjWnlsamo2VXdlNy04TjNiRUFwOXBJNUJPQVE1RlcyN0I0Mm45YzVJX0ZPaUpObEt1ZUJRYm5WTmt4S0VZWkRYMHRwdTZ4QWozeDBRS3d4M2ZuRF95WW9NR0U2Z0JvOTh4LVo2NHA0QUVGX2R2Uk1RYm10WWdwcFlGTjN2dDFydHlER1daT0RaMUh3M2QxRTRYUkpIa9IB0gFBVV95cUxPcER2WWNsVlFnTnhqUUxhUG1BaDRNNEZIRDM4REhjT0U1NExORzRJYm4yeG1QelVoMk83ZnJCUUVxZGZxc2YyX3ZJbExwVjAyd0EtMDlCRmx2Z2lGNGRMNXVRNHFvMEd4eUx4TXdPSHpCTlktRGdFWE5sUWNOdTdpTWJCRjhnZzZ5UTRiU2J4TGhRZnNaekhXSUlRQzVyQnBXMHNTeEU1eS1KVE52MmNkWW45OU1lakQ3RmFFSFJPR2hUUzl3TmoxVmszV0VfYmJRQlE?hl=en-IN&gl=IN&ceid=IN%3Aen
High Court takes suo motu notice of a woman having been allegedly murdered,https://news.google.com/read/CBMi3AFBVV95cUxNa3pDdWxPVFAwSmRFeU8xTXRwV2JUZkZOQjhNcHA3VzlUVGpTenAzcVVyTW1YUzlHNkdIQnAxQ0RILUlUUlAySGNVbGE5R0NQbFdRQ0JFMnF1bDVsaHVTUW1vbTJHOHQ3aklmUENWckRBQUZjcDhqUnRMLTNVRXltSFVrM08yWngtaEhMeENnRkg3c2lud3ltTUJOSGlDNnJad3kzcGdfQ1FYWTc0SU5UYy10a3ZtNURuTUM2bWd4QVpfRXEzOEY1aVAtejlrM1k1aGZJWlJZVEJYWERp0gHjAUFVX3lxTE13YmRCTkpVRHJBWERUN2daUHhHUUxsWG9sVDlON1dYNnUwTklaNFdXeWJySlRiX3hzS2l3bjF0cXFXNVpVdUxQMlg4V3ZER0c2X0tVYVdyQlRBdGd2SmZ1X0tvRkZWWm5tWkRVeC0zZHdTZXZ1aGF4M2phbHRobnB6NnJEMXJQblR6RFNEUS11czRGS0hCdXQzTW1DQnNmVzRtVnljVmxiQU5wbFBXc0E5cDFGWWV5dHVmX2QyZXMyNGpXYzN2UUZBaG5ta0ZSaHU0SWRldU52bnNVX05JMWVMNm9V?hl=en-IN&gl=IN&ceid=IN%3Aen
"Can HR&CE Dept. interfere with disciplinary action against Podhu Dikshidar, asks Madras HC",https://news.google.com/read/CBMi7gFBVV95cUxPRDdaUkVJcG1VdXJoc2tNYnM4czdVTmtuVllCN1JmSTBQWVZOSlZjcHdKY0M2cXFMLTBnYTlPNGxfMjVLZ1dvLWEyOE1UdTBMQlZtUzZGb2dJS1U0ZU9wVmRfeUR5RXpURzFpZzRDcVptU3gxMUJzQzZHSW5kQUtSaVZEQzVIWUQ3RmF0bEIzUFVIX0VQM0wwNVpTeXNKZE9DMmtTUkFKYkFFVmFsVWdpZE9EdXpJZ0R3Z09lbGdha0s1VkdxdGNucVRQNFpkTjNnUEd6RHVFTUc1el90elpPaFBYVmsyZHE0NktwY0d30gH0AUFVX3lxTE1iM3p0MmhKM1JoNGZ2aDB4ZC1VMUZzY1VpRkpxSmRiYzliQXNORXo0cW9tVU5ReTlfbm1ueFNCMzNSbVl1a3NMT1pGSnBLcFBzekJWUGpHWWw0LWFsdWM5bzhYbzU3N1Y0QU8wRkpHcFd4cWl4ZzNDY3Q0ZTdUdVB1UDFybzNaT3FjaGRlNDM5al9GYTRFSWtjeDhoNklOVnZfcE5MT2ZxaWVTcE83WnpLZ2l0Skx1TGV6Vkt5WVdRUUJhM3dxcGY2N1NHX2V5X2dxZmREbTFvekducGtHSWJLUGdrRF90cFpjUVQtZlk4MFVzMTQ?hl=en-IN&gl=IN&ceid=IN%3Aen
Sign in,https://accounts.google.com/ServiceLogin?passive=1209600&continue=https://news.google.com/search?q%3Dterror%2Bindia%2Bsite:thehindu.com%2Bwhen:1d%26hl%3Den-IN%26gl%3DIN%26ceid%3DIN:en&followup=https://news.google.com/search?q%3Dterror%2Bindia%2Bsite:thehindu.com%2Bwhen:1d%26hl%3Den-IN%26gl%3DIN%26ceid%3DIN:en&hl=en-IN&ec=GAZAqgM
Punjab terror conspiracy case: NIA chargesheets key aide of two Khalistani terrorists,https://news.google.com/read/CBMizAFBVV95cUxNaDNqd1BBMXVNVU04LTl2WGxJNVJSd1ZZVHNUMldfOUR1bFREei1jdGJNMUlQVlZVYy1jNjl4TENIRnBWNnN3NDB3THJkMzcweUFESkFfVjNsaGFWdURlSzRiQXBTRkpFY29uWE5rYTcxbG1Dekc5alcxREw5MjNSY2FZZ2Y0Sl8zc1NaNWJEaGxNSVJRMUNzckNGZXRQNUd6djNwRDhYM2tfcHRRMjZfNUJoeEhSQUZPUEJabHRkaTFyQ0pfd19JZ1B1LW_SAdMBQVVfeXFMUGdMbFI0MjJDc0NDYXFWaVJwN251X1UzRXR6X2VhamFaTC1kQ2NIcElOOWQ5WDhvNG14NTFZbFBCWWIxUGlCbl9wcUpPVnR3aFJJQzZyQnBEMTFxUV9WYWhlb0RGZEs3elJGOXFWb044c2p1SHh6NTNwXzV4RWVneGg1b3IySmhtcHR0X0RJc0lrLS1pa08xNHBKSkFycVllSlAtY0EtX05PckZ2X2RKQk0zS3BDSV9DRGxqWVl6clROV09oX3EwRGlZZmxuczJaN3VFNA?hl=en-IN&gl=IN&ceid=IN%3Aen
"Ganderbal terror attack: Possibly two foreign terrorists involved, alleges J&K L-G Manoj Sinha",https://news.google.com/read/CBMi_AFBVV95cUxPcFprNkFmLVV6ZFFta0dVclE3YWMzRHdsM0VMNGJCUWNFdUZoZ0xSd1lRSExkTHFSUVcwNVJiZ0NkNXp1VXdvZC1qQVlXUUk3Q1BPa29LbDgzN0JZeVdHMnZvZDE0TlRueDVGaWtQenVydl92OEdhQkUwLXFNWTk3eWtBSURUM1c5Um9FZFh6ZENDbzRBYmdKZ0hQY21VMzZDdlJWNlhqSm1xRnpIa25uemMwaDNRcUJQOHo0dHR6SGFFLWhZb2E1cmt3SVctQmI4aU1tbnE2cThCTTJzVWVfWmxiWWt6Z2hXNWFwYXJTdkM2dzFaU1dTR1FyM0fSAYMCQVVfeXFMTnVoaWdORW5JMDNXdnNrZmpEdkZTUTQtQjhDOEtJcG1UZzNBM2w4aVVhMkNBamlrNmtZYmFTMzg3eUI3bXhfU1p3S0xuUGxOQUZaZ3JLUnZKWmtxVDAwenZUOWJsbjE5LWJ1TTZVdjhaRDVCTldOSl80OG1pekp2Q1BVdnNOWGFobGNJZk1FV3Rkd0hjVTh2cjR2MUdXNzJQVTdRb3gwWGREVFZ6czFUaXZZN2c0LWs2bGNaLXFwS2VxVG1Wdm1nc0ZSSnp6NXlyYURMeE1mSzNMVGhLa3FmdVRwazdJdmthLWZqWFZhY0M2YnJuT3hDdWxqa19mWVZsWkhHVQ?hl=en-IN&gl=IN&ceid=IN%3Aen
J&K terror attack: Mehbooba Mufti says exodus of non-local labourers will send bad message,https://news.google.com/read/CBMi-AFBVV95cUxNT2Nqb1kwRnBwTWRFbmRiOGZSd296WHJPWW5jZ2MwNFlxNzNnSGdhNFhib0pzSEVxbDYtUDhpaXBGaVBQZk05VFNESE5MTC03VElFaVk4dUl5ZlNfVFg0TVZUTU5tMm0xSFFDaU80WEM1THY3Y3lSNU5JQ284TEhVaEY3aFBHc3pKMGUzS3BubG5mZVQ3TzlWaHU5TGZBb2RvTlFFS1Rhd202MmdYZzU4engxem1KQVN6Y3JRMUx1dDhlSWc1ZDBrd3VVdGYwYmlZS2VpYXEyUm83YklMYkNsbExQZ281dnF0SmRkaTNyT0xtWkdfX2lzbdIB_wFBVV95cUxPbzBJZHNaWV9UdzJ1eTM3OXlrbkhIQnB5cU9FU3NJaFV3amxnTUdSc3dUZm1BaGtxc0ZxWkRUajdhNFhyLWRzODR6NkFiUDBDMU1tc3VaM2dGN1Z2T214Tk02eU9pX2oycXc1Sjk4YlM1Rkp3N0owcWU0a3dKaC1rNWZ0SHJuZVZRNW8yc3d3VVpTX1hrNlVBVnBwMEItTUYwOGRmVmlJMkcybC1DM3RDVzNhNG5FX0hKVVFSNl9sUGtibXBUaVNnQ2NCUlgtMWExV09naXlVcDFJWV9OVVlpZTg1THVMZFE4MVdVanVZYmR5eEEtVEdrckp2NUxLVkk?hl=en-IN&gl=IN&ceid=IN%3Aen
J&K Police counter-intelligence team conducts raids to dismantle new militant outfit,https://news.google.com/read/CBMi2gFBVV95cUxQZUFVbDFLV0g3WC1Lb0hMSjRnbU9fZFdORE0yRWNwbXdIQ3FMMWFIWVBZUF9OWVJ4Zi0xVExnLUJyak5YaDJpX2pwNEdsb243V0hCYmlYVjV6Z1NhU3JOcG0xYjYzb3lJWDVSMHV0dUY1OUJqdk5SV0g5cWt4eWFGLXVhdE5fbEJxWGlqV2Jja0ZvSHNKSEFzSjE1NnBDdldGWmVnTTlfTzFKRS1BNTliMEw0RTJjYW1sSGZVZlVQYmlMZ25CZ3VLNVNZY2paUHZhUjhzSURRbWNnUdIB4AFBVV95cUxPV0NRanp0dmJPUDJScENQNGpzSWoxV2hwWUEwOGxVMV9rYjZTekVFeTh1OXVndHpwTGFRekdHX3RsSlpxbnBZU0dFbDJmNjkwZzdSb3IzdnFGQl9FUVpSaVN6OVQtZ0VibFpuTlV5RXVMaTE5Z25MbXhEeDdvX3pUX0R3alRhMGhnMDlSMll2ZWhpbnlZcXFiLTNtOXI3SWlBZ3EwTXlTUEFaa1JIdXZwOVljSjBGNUVvd2FUZ250WTBGc1RjRGtqejZJaUhHMjV4eHNtYmlaNTBEbkNxUURpMQ?hl=en-IN&gl=IN&ceid=IN%3Aen
"Bomb threats to 30 flights of IndiGo, Vistara and Air India",https://news.google.com/read/CBMitAFBVV95cUxQZE5aWXJsMmJ5YUstb2U1LV9rbC1veUpRSzZiLURaZDd4Y3BjM3dOdEJJdXg5djhaS1d4X01HZkIzb0JZRVFSZmpicTFrY2E0N1NSRlBUN3dieXFkZzBVU0pwSm41UTVBZVJlVy1VcEpBZ3ZpbXBEWGZHY2xRSDZjb2gyZHRkcVNEc0lWSXAwWXJoQXRRUmtSMjRHWWMtcHgwdFM3cWNaZzB4REVwdG5yQURkajHSAbsBQVVfeXFMTW9Hd0RUMVdSVGlaNHFlSml1ZmdxcUhRdHU0MnNlaWdGemV6Z282MDJ4ZmhxME9DUk1NVUJ3MmZpc1V3TEZ5ZWdPdmExeGdLVDdXRWtXbHMwOGpOOURsUTd6T0l2MjVZTGcyWm9scXluTWhKOGpYUE5XSTN3ZjV4dFpEVUZ0MlJWVjVKdURHNjYxQXlTUklwMm4xSmNJSFRXNTJHdGREOXVQLUdPMklwR1NsQjBxaDRlZjBNbw?hl=en-IN&gl=IN&ceid=IN%3Aen
"OCTOPUS, Police conduct mock drill to counter-terrorist operation at Dwaraka Tirumala Venkateswara Swamy temple",https://news.google.com/read/CBMikgJBVV95cUxNN2xfNk5mWmxPZWQ2NU81ZEdHR20yRWx1ZThGbzh4eS1zb1NnOXlCTVBLNC1lOTA4eTRrSEV2R2ZBc0NuWWlPOTVlbEhlSWJ0TERfVU56Q3JjTkVwbWZCYktVWHpzcXRCV3U3WHVkTElDRnlfWWxPaVhMR2w0bjhEX3NMN09RUEF2RDI4Y08wRTZfbHRuczFkTnVpTzFhbUpjY0ZOdWtBRDRGZDhRaDRTMFdtcEVmLUtrNFM2UUNaNVFvUF9VSVlEaUZoYzhNZjZMdkppc2xTWm9DdmVVWVFBNTlEeDAyMmRKdGVGd0R0UEJ0UERoeFBLMnFLU2pFb2RvcEFKNjFGaW5lT3FBemxkNVR30gGYAkFVX3lxTE5iWURUT2pGYnZxcGRkOGg1SklUVmtjNGYweVhERWtNYmNaaE1peWVfMFlKSk40eGJhSTh3Q1ByMjBKZ01FMzJGZFlzN2JRamdzZEpYd1AxNmUtMVF2OEgtUVZzRkR3bXRRNDdydm1QRXZ2aGJyWU9jLWFZM3k2QTNMQUlQbnZWaGdocEJrLTNTaFZjNVJnYXpTeUszV3gyTy1iRjcyS0pEN0ZhR3RsR25UcWdPMHFxQy1RN2lGVUZXb2prTGEzdmRVRGR3TTk1SUN1elJwVGFMLTZqZTN1ZENtUlZuUUhYX00taFJQWmFzdzFIRzU0Q2Q5bXhEU3Q5SFphc0JWZE9sVldIeERRRUV4bldzaWVlcHM?hl=en-IN&gl=IN&ceid=IN%3Aen
J&K Police promise security to non-local workers post Gagangeer attack,https://news.google.com/read/CBMixgFBVV95cUxQcGpQaENxNEY5aUliZ01UVDdrZnVmdWhnYUZpTmU3NEZidHJEMFBYc1F4WFJYWlF3WHVDUFk1aHdTTU9mVHFzUlBXZTN1QXZhaFJ2YlNubk1nZVhlbnVZdnRUSGwxMkg0TXJmWmxQTGtfUzlIVXdkUERuXy1zaWVlMTEyZ21tSkpxYldpeE5rTU0welBKMFpGVGZZX1p3ekhlQnJMSks2c3ZHSFFHelMyY1hDc2hfdWxCVHZFUG5RMkFIVlVjUmfSAcwBQVVfeXFMT1Z1ZXY1SjJZV2RINTQzczhfcU5ZOXdMeHNMUU5Mc2pIb3R3dG05YmlwVl90UG9QamNEOUdfNlRIelI1eFBFVzVpTXhkdzJxU0dYMTh2b0RpMzNkNHUzQmpmdmhidDdZdl9GNnBGWnhZejRwTHpUMWxKU000WWtJQ25UY2djYzcxSzBkTmpkSHlwdjYxcGx2VFNMNXlqclZRajl0ZFRjUVVnR0FwTy1XakNsOEtLQWRXUzRYU0k5NmdUaUhqLVd6N0pHWHlV?hl=en-IN&gl=IN&ceid=IN%3Aen
"Laws that regulate minority institutions do not breach secularism, says Supreme Court",https://news.google.com/read/CBMi2wFBVV95cUxPZmp1SlNSazRTcjhOZVJkVFNzNjZXYW43WHZyQXA0ODEycXI4b19JU1MtbF83Tl9SRDNqUS01b2xnbjVsejhfWUxuVzEtSTQ0RHhrOFhfdlQxSVlGSW96TjdUTXF4RzFZMTY3SFJqZEpOQTlFR1l3N0JlLVo5eDdyUjJNZjc3d09Nbm9rZV95VnJHSXdKeHl0eWFXT2lUcnpPSDgwYmUzRDRCa3ZhMnpydWtpNTNvRzRrMzdGSGtrZ0d2QnZpTGlCNUM5bWdQTERyd1FzUV9WUGV1R0XSAeIBQVVfeXFMUDJVVEJSWldOeDQ1bkdETUlUTE9YSVJjM1JBbDNyT2ZKbTdacV9lRjV3RVE3bnhsM3JkbERESmxSeEttNTJLRHBFSXV1a2VmRzJPTUo3c2hfVEhMMGtKd2J1QThoRUtPdTUzV1lPT3NWRmFnMF82ZVdKRlJOY08zMEFSQVliY1BUMzRlR3AxUFF2bjVuV2lmeGt2MHRFeEZZNzJIeVhZVnRVOXdmRFpTQWZiMUNxaWNtY181elpZbjhnczVWQldJcklMVU1lV0NMZjFDd3M3WXF0emhFd2hXVkpHZw?hl=en-IN&gl=IN&ceid=IN%3Aen
"Breaking News Today, Top Headlines, Live Updates | The Hindu",https://news.google.com/read/CBMiPkFVX3lxTE5faDBiWWpLa3cyS3BWYU1RQ3BrQmt2b0d4dnp0ZjRvTWZPdndZeGNzdzV0OTF3OXlCa3A3akhB?hl=en-IN&gl=IN&ceid=IN%3Aen
Jaishankar slams Canada for its 'double standards',https://news.google.com/read/CBMiqwFBVV95cUxQeTY1VE9iNU55SkprVVZkel8yR0J1ZkVuSXRkVjZNOG1HLUl0bURQUWJuRHlWNGxHNWV3Tm41TmVzSm5COFJTVnI1cktOZ3BQa1Q5djk3Q0c0dmFUNVJ1QWhTWW9mX2p2LUVHXzdCY3A3MzBHaTRFazdkOEljSnQ5ZXdiZWV1WVROSmZvNF9OM0EyWGtvN1dUMEpTY2xnOUlWZlVCSGQybU1tNk3SAbIBQVVfeXFMT2RaWUI5YndyTHZyV0NEZjlrcGlXZ1lJYVNkc2Y5eGc2TU1KZllkd1JKZ1E5THBFb0ZnRUlLUTFtdlYxeEV3R0J5NlFhR2tfY203M05nT0xWWlhYUU1hRHZJZ2xxdmw5YXVtZHkxenF1Yk5xOVVRMHU5aFVJeHRMREY1WnI2cnFtRTdJZi1YV1YxSnpqakhpR05tOVkxUGt5YlMxaFJNRktrSGxJMC1KZkNWdw?hl=en-IN&gl=IN&ceid=IN%3Aen
"CWG 2026: Hockey, shooting, cricket, badminton among major sports axed",https://news.google.com/read/CBMiuAFBVV95cUxPUm0tZXVpeVp0UlNlUXM4Y3ZmNWdfSnliMEJXVU9TcEViWVIyNXFISFJmTnR4cS1tR1EzYzFfS0J2QmpPdUdaS0IydXBKWVRQSjN1ZWJDRVQzZGZsZFdsT2c4NDdHRUJEMERpM3RBVjFIMUxQVTFuaGFoTjRDbXZtOG96SHJZWER4dzZCWndyUDBRSXBZTmhyZzg3X2dRdkttTDNnZjlvRVBjekFUb3Z0RVBEaTRVbHE50gG_AUFVX3lxTE01cTVUbUx1Q0JPX3U5QXRfNUJIV0hkUm9kaGVKeXV0RVo1UV9MS0FtcGp1ZGpPSzloQlU0VU16eVA2VXpiZGNKU0Q3aFFKOW5LdGw3VDdGeWNsNHkzeTA1QUV3emg2Q3VjWTRGVHM5OXVfS3FPUHJucWg4OXZqMzdFZjRNaDJDNGMydE5kWnRrUEcwQkFwRW1NZ1l5eEtwelJvenEzQzhVdV8tdzlOaWZ3bTBqdFRPc3JEV0R4YUdz?hl=en-IN&gl=IN&ceid=IN%3Aen
"Political spotlight turns to Wayanad, with Priyanka Gandhi Vadra arriving to kick off her LS by-election campaign",https://news.google.com/read/CBMiigJBVV95cUxNZW9tTm1WUmFOUWViM016bkNEU2Z2anZfcW8yZXhjRTBRUktjbFlEUUdVd2VVcG44b1UtVnd6eTFuQjFrZkQ0UUxhNXFmTXVjWlo0d0hvU1VJMi0tZzFKWmFfanhES0JNQjA4ZUliZFFXQUI3d0wweEVfVTZ5T2ZlV0t6Yk81cllOVjc0TnNIWHlCVFQ5ZXVQcWg2bE9fMHZTUU9YZVBvMmxpaFNsblpLZ1h6RmNjWXVEWUNnTVk5aDNUczRNbFRmMFB3OHpDTHBzdHZpNG84WGtKUkw5WlVfcHJGS0NUbVZEVS0tNWJ4U3ptaGJVR0xCOUwzVk9DV1p6M0JzMkJ4TU9FZ9IBkAJBVV95cUxPXzlNR3JDTHI4Umg0QVNjQl83T2ZIdVlGaU94REdQR1FWaGtwV0ozeEJsQWRXZmVJNmVha2xCY0JnS3Z1VUxoSjhOQzlaeEVic1F3eHg5RmFjbzAyekIyUDVsTTVsLU1iVFZKTWVYQks0RTZEMXhEUWpqemFfeXhac0dKb1ZmVFljeHhBLTZKTkJJVnNtYzhubWM1cGx2d0Q3NnNab2t1a1BZUlJaek40Z2xZTnd2cm8tc2ZDVERwa1BDT2xFT1Bkamp2UzFWdE1jWWFmb1F6dllOV3BzZzdiVlBVaUtzRTVqTWNwdDE2STJYS0N2WTBZSk8wVGk2WlZhRURaNjktNTRETV9DV040eg?hl=en-IN&gl=IN&ceid=IN%3Aen
CCB rescues 12 minor girls forced into flesh trade in Bengaluru,https://news.google.com/read/CBMiygFBVV95cUxOQmktbEthYlhVZ1BaXy1uRTdrMmwzSTNmMHpwU2x4OHR2T3NGVUFMNHhzVGtYUkdLZktRSXNocEVjeGhJcnE4eW85WXJ5SXU5NTdCSlFJYWx4QnhlclNIRmJKOTl2MWd5LWltSFlWM0dIZ1dobzBkcHFPUXF0TktxMm56QW82UTBfeHc2Z0Joc2tYNDBqNGtLLUdHRWlHeC10WEVUb01GZkNMVDRkaTZDdDFSN0JYYnpNdmQtSFlYMEhuZE9SNHg2WXhB0gHQAUFVX3lxTFBWSG5WazZxcnRnaGlKVFNLWm1fbmhYbW85VGlZczAzTXJUY2Q4NDc4WVdaQTRiNjhmSmVrNkFPZUJWTkV1X2VJZnNKbUZfek92ekEyUzB3ZVBOd3kxU3NaaXhURlZnR09zRktWLXRfc2hIeHlDTm56WDh3T3hHV0tHM3gyZVRpUG8xLUdTbTdXb1JiMTI1RWlOU0N5MHR1Qk0ydHRYQ3FyODZuMGJJWm1PZ0paZ1hNWmlGdE1oeGtvb2dWcGw1WWtzb2tKUDFNTEo?hl=en-IN&gl=IN&ceid=IN%3Aen
Police suspect Khalistan link to blast outside CRPF school,https://news.google.com/read/CBMivgFBVV95cUxNblF5ckxJSV9nS0J3WHBXQjlUWVFUSS0wSVZpbDRJNEtjcUM2NlVBSV91SUJaaFZFUTNMdElsbVEzOTZ5eFNiR1pwSGpMMEhuWnRkWTkwR1ZUd2ZNLTJiWXA2ZldZclh1eVZBUmxuVjYyQlltSWtjMlI4NzIzWUZsNngydW0tbWU5enJLT3hOaGxpSi1WZnV1V0dCQnhyUGhBVmZuRkpCUUhzQWtxcVhHc3hyRFAtU1dEb29XRWFn0gHEAUFVX3lxTFBob1BDNDlOOTRwSWd0a2dXMjkxdG1jcG5NOHJ0NGhPM1RCZW1XNU52eEhxM3A0YnVPNHZmOG9UeUVkSGlaOW1Wc2sya0h1Rm1JRWYtNVYyTk5OcEJzN2ZOSTI2eG5EamJrTVFoZTRqVkUxUVR5ZjJZR3prS2NMSkduWHVYUk8wVGJvUWhyRVVBakZBRG1iaUZBRXNZeXFMelNnczhray1IQU9ELUZlSTBFS05Jb0lIdm9EaWZaclFnZi03dFI?hl=en-IN&gl=IN&ceid=IN%3Aen
Sign in,https://accounts.google.com/ServiceLogin?passive=1209600&continue=https://news.google.com/search?q%3Dvictory%2Bindia%2Bsite:thehindu.com%2Bwhen:1d%26hl%3Den-IN%26gl%3DIN%26ceid%3DIN:en&followup=https://news.google.com/search?q%3Dvictory%2Bindia%2Bsite:thehindu.com%2Bwhen:1d%26hl%3Den-IN%26gl%3DIN%26ceid%3DIN:en&hl=en-IN&ec=GAZAqgM
"Indian sports wrap, October 21: Barath Manoharan triumphs in India’s inaugural FEI CSI 2 tournament",https://news.google.com/read/CBMi1wFBVV95cUxNUERIREJaQmRtb1gxZVY4bzZvRlpOdHkxNEZPV1h3M1c1MlItY1hWZWVPYjU2VHVnTnhMUmFXNkdldlA5NktvdDNQVk5QRGdiN0dYRTdGbDJqLWE3MTZ0NWRueUs2dWJfWFlRdmQ2NkU4UkNtWFVvWGl3aGllcnhiTlVKQjNDazdQb3gxVzZwY0RyeUN1QUVObDhQOEN5Y0FkN0VCSFBDUTVLY25jU0FmR1JaMnM4ZVFzbUp4ZjA4VEg3TFNWUmt6aWVzdUJnd0xHd1VuRWxuRdIB3gFBVV95cUxQdW9QcEpTcF9EY0VsWG53cFE0enhkdUJYTEQwZmxGVUdjSmVhbXg0SmFEOVZydXVMV2syZmowSldXOHVZelpIa2k4eWM4QkVJMWtjQzZDYWU4SnZvQ2M3MnBfaS1UV2RpV3Byd0lNS3lFbFJHOGtpSzN5RzJkbzAwVTY0UGNmSVhCQzJ4Zms1YXdyRXRNeWJZdEdPLU9JZlFyaF9XRnk5RWlBTlViZFRtUXdjcnlRWFJRWVdqZWlfTktnUW5iQ2lranl2VG5kUHBSeElXOHhQYVB5SjdWR3c?hl=en-IN&gl=IN&ceid=IN%3Aen
SAFF Women’s Championship: India aims for group summit against Bangladesh,https://news.google.com/read/CBMi-gFBVV95cUxPMlB4ay1FV29tTzlaQTRtRkxNaW1TMnQtV0hXbGZvNVNuQ1dPV2k4R3lGN3ItdXNCeUdBazVsMU5ObDFoYUZxbjAzbDloa2V3dDgyNmVISkxUdTU5MXU5NW1SUXhMUS15STVVRUxhc3VsVExEQ21CMXVtLWd4OExHaHgwM0FFUEI3eVJvNlZzbW8xTVdHX0lZYV8zdFF2R002aFlVbFItSEZqZUZ6c0pDa2w1cXJGc1lRczd2azVOYUIzODFBbkYyNU0yREZiajQ0V1pYdXZyY1BnR3M5dkN3TTZfbUg1TEUtWDY2QXZwZWVaQnNxUVk2M3NR0gGAAkFVX3lxTFA4QXZlRTNpRDU2Y0l3aGFZSEk3ZDkzY3FqREJMMHl6X1dSQ1ExVFhtV3F2RzVmVUQ2Yk1ObTluel9oNUVGMEhhcUFxdktVUHRYM3NZdlcydmNlYnpBQTdGak45aVRqY3otbUFJa1pnUTkyc2xMUGQwQjEyMVp2YlBBSDl3MGYtSVFtZ3VxMVFXR2dPNEIzbnBlb2pHWFMyYTBwM1RhQnJVZGcxMS1SdlEtZG1Ocm0zcS1aNXVpRG82ZFRNRUZzby0waE9fTlJha3FTSk9ZZkdmVXIzQ19sWjFDazVja2dYbGxVOUpfb2w1OExwQTZKbHhpb0hWekZGTkU?hl=en-IN&gl=IN&ceid=IN%3Aen
Akash Sharma is Congress candidate for Chhattisgarh Assembly bypoll,https://news.google.com/read/CBMi1gFBVV95cUxPVkpKU2g3LTZCSzlDU2xBUElJNWI2cXVTNWtGNDNtb3VyUDlwT215ZUhkaFRnMjV6c0gzWHQ3cG9DYnROVEdiMWpwaTdPSFpjejF5eDkxeEtnMnhrTVR4anVaUjREdlNZS0lKeFBSYThZdEZ5OU94dmpldFoySTlVUTJYcEJmX3JtVWFQT1VNcWplTThWSUh1TlRqUDQzWnpEX0dlU1dsRXlMWFZZcW5wVkUxam9panhCeGFUdWpVbmlpRkVHRGVwQm5udnkzbmlnWFBjNDFR0gHcAUFVX3lxTE1Pc2w2T29PcE4yZWpCTUlEaXV2bXhHTEJlU0lranBydXE1SG9PWnlmTjY0Tk4tZVJCdzNkSVZtYW9QZkVodFVpNUlPMmIyUmdXeW9Edi1FZjBsZ0lxRmlDZ0tHTEtOczFUbThteWNiSy15eWUwZVM5Yk9Yb3NZWXlheFk5ZnZmbkw5SmZPRnlCdWVhb0FKWk9kTTVrdGtFRUlyZVF1eDA0blJJdk1XTVVBOGF1TEEzM19heTdyaE5ZUTQybTB4S3IwZXU1UDdXMEhwZ1o1TnBDRGhwWDk?hl=en-IN&gl=IN&ceid=IN%3Aen
"Political spotlight turns to Wayanad, with Priyanka Gandhi Vadra arriving to kick off her LS by-election campaign",https://news.google.com/read/CBMiigJBVV95cUxNZW9tTm1WUmFOUWViM016bkNEU2Z2anZfcW8yZXhjRTBRUktjbFlEUUdVd2VVcG44b1UtVnd6eTFuQjFrZkQ0UUxhNXFmTXVjWlo0d0hvU1VJMi0tZzFKWmFfanhES0JNQjA4ZUliZFFXQUI3d0wweEVfVTZ5T2ZlV0t6Yk81cllOVjc0TnNIWHlCVFQ5ZXVQcWg2bE9fMHZTUU9YZVBvMmxpaFNsblpLZ1h6RmNjWXVEWUNnTVk5aDNUczRNbFRmMFB3OHpDTHBzdHZpNG84WGtKUkw5WlVfcHJGS0NUbVZEVS0tNWJ4U3ptaGJVR0xCOUwzVk9DV1p6M0JzMkJ4TU9FZ9IBkAJBVV95cUxPXzlNR3JDTHI4Umg0QVNjQl83T2ZIdVlGaU94REdQR1FWaGtwV0ozeEJsQWRXZmVJNmVha2xCY0JnS3Z1VUxoSjhOQzlaeEVic1F3eHg5RmFjbzAyekIyUDVsTTVsLU1iVFZKTWVYQks0RTZEMXhEUWpqemFfeXhac0dKb1ZmVFljeHhBLTZKTkJJVnNtYzhubWM1cGx2d0Q3NnNab2t1a1BZUlJaek40Z2xZTnd2cm8tc2ZDVERwa1BDT2xFT1Bkamp2UzFWdE1jWWFmb1F6dllOV3BzZzdiVlBVaUtzRTVqTWNwdDE2STJYS0N2WTBZSk8wVGk2WlZhRURaNjktNTRETV9DV040eg?hl=en-IN&gl=IN&ceid=IN%3Aen
Parties unsure whether P.V. Anvar’s political front could upset conventional electoral dynamics in bypolls,https://news.google.com/read/CBMi_gFBVV95cUxNRGxyb1VDOUNoaTE5ZmxtQ0VsMjJOQ21jeXVBWW51d3BHWjBkdEZ2M0xGb1l6NmdhQmdfNzVYb052RmVfdElzc01pQVYxYlRnaVVycTl1YnBKX2Nxa3BaV01EZG9QTzFYdkU5Uktvc2lzMDBGMkMzY3dxM3FQa21DSW1Ec24yaTZWd3N0MEVHaVk2VkVEdzJCNGkxS1hMUHJyU0dBRzB1dEhGOFZEYVFHYUdNeVVTS0E1T2dKMFZwbU4xQ2RMRTVPMV9jc2M1N3drM3BhU242b2J3X2ZzOGppWGZqa3pVUHVVSnZwLUxISnBzamRrUGVQZDFrWWw1UdIBhAJBVV95cUxNWF9KbHFqSzJZUi1iejV2cmx1T0oyNk1LVHEtWENSSjMtSGhXblF2YkRydEpDcS00eXJ1YVlRaE5WdEU1enVmbngwRnlhRUxpZzViNEsxSDZQOWpZemFEQUs1U3FZQTduZ0NiWDkxVU1rNTFPU0pjY2J0a1pkY0QxdklBNk55QVZKaS1udjBYZGJwX2NWYUxrRDNacFliX092RERNc0xIY3RRU1VxOGREdllWWU5NZDNoU1VvVGthU0VXWUY1eGVBX3RhRzVmazdqY1k3QldxMWRqZnJJTERvTjRJZW5mUkZXd2lyOVhPM3dZaExmZTN6cTZjYTdZXzBuQ1psQw?hl=en-IN&gl=IN&ceid=IN%3Aen
PAK vs ENG: Rehan Ahmed recalled as England picks spin-heavy team for third test against Pakistan,https://news.google.com/read/CBMi6gFBVV95cUxQdHJ0RTJfVnBRbEJwS3BLcEo1c0R6TG9BWTMzNExlaUxvVnRJaVpCVkNBSXpFTUY2clIwbUR4QzJSLWxiXzB1QnUxNXZ2QmwwZ0IxeDNFTHcxelV1NVpTOG8zWE9KZkx3aUsxT2dWZUFhVy1UM1F2NzAtb1NDbjJCcnN1ZHFkVFVPZEZjOTlGQkJqRWZEQnl2cHN6MVcwUGljRlF1cEJqbzc4V2pDa0labnJtdm9hQTFoejNCYUJfNXU3ZWJrem9jN3BCQUNZZzZwWEFtSU83MG1rZE5wU3hWc0ZzdE1Ca2tXYUHSAfABQVVfeXFMTUhjQTRnMUdZRWJ5cGwweXpkaE93MXRHbVMzVTMzek1uN3hPUkF3d2oxYlNHQlhmeTQwTXVjNmJjbExLSFk5UzB3OWtKX1Q5Znd0alpfY0loVXk5bnlucFA4bldPc3FhYUd4N2hOS1N2bnB5cjEwV1RPd3puLTNETXdmUEFySTBHUkdoX0xFV0R3bVdRSHBqR1dOYnhTV054NkFtaUhLZnQ4OWZOS1RKQkRTekJscFFXdGZ0TXViZERUTlVaRDVVa2JvbENla2w4eDNmenh4R2FJM0FoaTh1SHduVDRrX1A0N05ldlVqVnRV?hl=en-IN&gl=IN&ceid=IN%3Aen
"IND vs NZ second Test: No point sugarcoating, there's fight for a spot between Rahul and Sarfaraz, says Ryan ten Doeschate",https://news.google.com/read/CBMiiAJBVV95cUxQM0JpX09IQ3hSYnpqNnpKdW0zb3k0S0dFeEdaVF9scjdKNWYxNjQtNGFmRHRybDdUTWNYSWFOR2ZvdDR6cEctU3prYkxJc0IwMXVQdFJSdU5aZ05JbVdZZFRaUWdRZDZobUZiVUdFRnNaUV9odThxdTFjOWRPRDBPZUNWbWYtczVPZm5MTVMtN3phcTdWZnZsYUFtLVluYkFycWRQQ2JIS1EzbHB5Vk5QM2lUOWtRQjRHUUdzY09tQV9nUlRJWTFrcWx6SHpmbXQyblRHbGZqM0RDX2t0TkFwMm9nUTN2YUg5OUZwaVVCdjBsWjFCeXZDQTBTLTF1S051UzNzdFdlRXLSAY8CQVVfeXFMTXRxVmdfY0I0b0hqTGVZWEcyV0N6aUZRQzd4OUMySDZyZG5iMmhoRkZsdGxUanFBdUpTY05lNEMzck5wSFRjU0dVTHoxNUxHRXlodFBTbi1oU3BMQTloQUE1LTJvb2E2Qk94YkRSTzRoQjNYS01iUWkwUjFPM0N5SElVSWpLSmROWWppR2thSUFoeVhNUXFfdTdsem9Xb3Z4dGdrTGpiTE9CakpCMkhaWk9aSlFBbkstNEJwWXBVVFZmUXQ0ZnZoa1Z4RzI4TUpucnhKN3RvT1Y2eGd6TEV3SUZ1Y1lFYmF3elE1MzlEMVE2N2ZJR0FJT25BZEJNdmg0UC1HTTNrQnQyTlB1a2tTOA?hl=en-IN&gl=IN&ceid=IN%3Aen
Champions League 2024-25: Emery wants to ‘break barriers’ at transformed Aston Villa,https://news.google.com/read/CBMi2wFBVV95cUxQSGhRS3h5YXF2bG5KZzl3bVlBQWJoSTJxOVFJNFoycFUteThXdURjTjVZTDlGNGlSc0Q3S2I5dHh1NTdyVlJlaDI3d2x0ZFpwY2R4OHJEbnBJMElFMk1jYTlEQTk4TkJlX2hMczlaVnpLUlk3aVJQVVBLbG1EaTRJSHRubWRqR3h4dGxOZEJoTGpjdXcxNnRxb0ZNVHNLckY0NnlNVEt2MkRjQUFHNlRKSFRPOE1FSmx0WTRacF9kU1VvLU5lU0VkLTV6MnNCR1ZHY0RPMEtqOGVUSjDSAeIBQVVfeXFMTWM3Ry1GMWxJZFZsQVFrNldPV1FuLUJwNFpZV1B3bWtLYXhhclN4NjBlTG0tSWJnbTBhRDFzMjQyRlJzaW9NTldyTXREQU5sWW9XT3ZhMGNsNUF2NUlLMWZfN3g3czlmNmpQa3lEODQ1UHpUd0dwdkp3bTRqZUVUSlRHbjNmUkhJQlg2VGFSZTFJQkR0VV9icDNDNEhGMnl0eTZWVW5BbHpsNHNSNElJWmxMcG5EcVhrOFk0ckc3Zjdrd0Q0Q0xLMk5LWlBpZHdsZkhtZWFEVUVqS084WVowX3QzUQ?hl=en-IN&gl=IN&ceid=IN%3Aen
"Wayanad bypoll: Have more experience as people's rep than Priyanka Gandhi , says BJP's Navya Haridas",https://news.google.com/read/CBMi8wFBVV95cUxQMjVzdUNKUjRVeGhYUXpCS0Voa3E3bG1KLU9XSmh4V3hOSVpXUDQ5dWJ4RExIUEwwRUJrQjdjUmdjSUEwbi01OC15Rm0zZGtCWWNHX3FCYW02QnRqUlZkRXhRTjhuLUtFVlhLdWdDbGhxeWM0NDdPUmRMOFhibWxVSUdpZlVIWE5RLU8wQUpFNHRsNFNkeVp6RUdfZUpxdkZ6aEQ5LTJTdEpSZjJnWVI1ZkVtelluQ0tleDhHY2xTc1BPcFo4TTB2MEpGMVZSX0NYbDJMMmZ6NWtCbGd6cUNjUUQtNm8zdFd1TU5Kd1BpWTRfUXPSAfoBQVVfeXFMTlhnenh0Vm9pVk5falZUMURtb0ZKODRiVjlROEI5STREZHc4anRBYXE0WUp5cEtwSklBNmhIRTlIYkhxM1pMS2ZtcWNCWUNhTDEzbkV2YTBibUFvZFREeVhiQW5fZXhTWU5DcllxWnM0VHUxeFptQW94QXVIakRQSDE3cVZGZ2VBY3dtWm5BbGZ1WHE2S3R5cDZKY1oxamtqNjB4VXFyUnRfZ2JFQXZTSzVtbFJaQU82QkdhUU9veVVMdGE5SXVxLTlCN0pJY2dPUF9BOE9BNG90R29QLWZGd2g2S0ZwQTRPc1dxQ3BLdU11T0NIQkdwa0Ridw?hl=en-IN&gl=IN&ceid=IN%3Aen
"UCL 2024-25: Mentality alone not enough to survive against Real Madrid, says Dortmund coach Sahin",https://news.google.com/read/CBMi1gFBVV95cUxOQ0JMSEQ1aEp3VEtSN0dBUGJFcVlZYk9wbWk0dzliMXp2UlpQZzNCMEcwUkZrRm11NUpEVHlwVC1FM3p2V0JTTElkeWpFN215NjNCSFRzdWFSYjg2eDRCQWdMc0ptbzlrblRiOE1DS0hpOU5FejFRRWxwa0Nuc2gwdXJ1M1ctVWF4TFRDOTY5ZG43b1BCbHcxLWNXUXBpMWNHVmhlM0p3MTBMMkF5Mkl3VlpRa2NieG9XT2NjX2RpamQyUlBBMGxkbmRKZG9jRnZ2UU1TT1hn0gHcAUFVX3lxTFBabHN2dHFWbXVxeWF1ZUdfM3I4ZW1hZmFuY1JjUnRBVnRvWWlYVS1xTDdJRE9jMUc4YXJHa1B0S2N6aHZYQTZtZHhaVzZUQnhmdFlUSVZ0cFQ3RUx3SDltMUJmSjhLRGRtVkltTEVQaFlIdW9UYUFMRnhXV1BLQjhSeE1PQVQwSkJnaktMQmlMQmxTVjBuaWFTU1RlcDJGUElJTFNmaVAwWk1NNVVya0RWWFdTN1BySFdsRWVWM0Y3MElZeVBZN2lkSURpSEhtOFFQR2oxNkdWM3gzWGo?hl=en-IN&gl=IN&ceid=IN%3Aen
"Congress, VCK have sounded a warning bell to DMK, says Edappadi K. Palaniswami",https://news.google.com/read/CBMi2wFBVV95cUxPMkduS2VUMWRVdDlSMklrYjl2azFFVmY2elYyblZFeWFvdVJ0NmFyV3hkV1J1SnhWZU45dWdpMk9aN1FVTEZzRE9XMTZLdnNFcUR0WVJZZWdBQmc4RWhIOWo5eWZrUjJGOXRxdldFcDJtV2lfTXdUTjlLZDBXTWpDdnVVQnRneHdjLUluMEJlRHV5ZXd2aWd5UjJ3VWZOc0g4RnN2dWxJUU43QXhac0dDVnZzQ1RVc3J0d1NmdUFkd25KcHZoSmZOTkFNUi14SGxTRUE2QkNVcGVjUEnSAeIBQVVfeXFMTzY2djNSS2JPaU80OU5XNGs2RWxmUmlrU0J2RFM1cEdRQ3F2N3V5Q0pmMHlnUUQyTWpESWlMRThOR1dwRGwxRHMtRzA0LWdnQVZwYnpyX0Ewa3cwZER5Y25MQW5Rb01ONEtNQ0kyQkRKVm1oVWphRU9MNWE5LU8tM0R6a0x5d2QyRjc4VGNqQWZqWlZ2dFFvdXlBMFAzd1N1TGJlX2kwdjdfTk1MTGpRMENJMTNocXg1aG0wS3ZMX2dkMTBLVWtPOXBkT0Q4RkIweW5RTjFiRElvWmdzeU84Zl9IUQ?hl=en-IN&gl=IN&ceid=IN%3Aen
La Liga roundup: Las Palmas celebrates first win of season as Valencia fans protest against owner Peter Lim,https://news.google.com/read/CBMijAJBVV95cUxOdExIRVlKSE9ONFRCS0d6YlBYRkYxSUtUV3hUZzZaZGVFWUtCOENCTkpobFhvMG9WV2lyZnZVS0VFUTJlck12UWk5YWpDQnV2SzVEU1BPNEFpLVVPa3dVajFmY2ltSW0xWmdVcFU2RUR4MlprSm9TbEoyZjQtcHdpRDJkTncyZ0ZIM3RYamFraFZLWU9neHM0Zk16bl9HWkRQblNwZkVuNE1GZ1d0NzhLUFE1M0ZlV3JQNS02cEcwT3ZLTE9CWGhTcTlmZDVWR0JOZ1picEFib3JlWHdyWGlCZTgtNlJTQTEwczk3WkJ2aEdibDhSYk93cjFoS212Ry1pbW1FMG5QZVkzTERP0gGTAkFVX3lxTE5EbGEwYUxscDVXTGhJSEE0RlotS29KelpGTm51STkteTZUWFNINUVNa0paVnFqSFN6UHFGSXVIOTJGTEk4Ujl5WFZqS3pIOG9zZVFjLTF6RWZVM1lmWmJ6Vmx0LWJ1MkVqbHJVemRRN0hyNE96S05vaWswY0ZSZUEyRHAzR2FlLUp2eGxjV24xYlUtcFF3eE04NVUxOHJwQlNFRXo4RmtzWFoxcUJ2Ymw2czA3c09DRlJ1UkxJRUw1Z1hBSnNvTHZ5UmdLX0RvOFpZVnJxN0JnbjVPbGNjY0ZxMkVCQTJnY1pwTkFWS0xHV09yMHlZN2EyaFpPSHFucjQxSE5tSldDbk5DSHFVNlJ5TGVF?hl=en-IN&gl=IN&ceid=IN%3Aen
"UCL 2024-25: Juventus determined to excel in Europe and Italy, says coach Thiago Motta",https://news.google.com/read/CBMiiAJBVV95cUxPRk9PbnJldG1FXzhvcXg2dU50d3Ayakl0NzliQ2tuQ3p1ZktDeDQ0TzhqYXJwVTdyZ0d1VmczLXpRLUdYWlphR0E1dm9ONmR1TUJhbjk0aXZjM3lXdEFydUJqUk1tM0EtUVZJOVdhMWdSYkxvaEo0SkdTVWpUZ0duRF9KRk83TTNhWVZrTEM4Rms2OGtqR0tnbFhvNmhfV0pVSGxIeWF4c1BwQkIwQTNINmVGZnprMEoyajluMEhQMFd5MWMxVGVfa25BMEY2TUM1cTdzNGFUTzVmc0NMQ2ZnUTROTXE0M0V4RnVHY3BidUgySUJDMFJhZmlQUl9OaHFKMTM2bkZfSjXSAY8CQVVfeXFMT2pHTS12VDVpNkVXU203bE5RSzRlX0dzSHhVZjNweUFHVUt1UWdtT0pCei1nVmlBTXBWMy1SUkJMMEtmYldsTUVoWUJGNDNLWlM1cUZwdm1QVWJqaWZkOXRiUXlwMXBiWWFpLTRTemJGelpqWFQ3OU1pN3lxRlc0MVhjbkpzUDl3Zm5ZdGFKbjl5M29Jc0FrejVPaU82bjBQUWdMMW1MQU10TU1PcDRJYTlWQWZxakx0Y0xzRHozc05Qd3B4MXhKYVBmdlNLTjNLc2pNN0JvekhueDZfWWVBYTN4anI2QWNkNzZOVjJvbnZtZ2dDZ0JLWU5VdWNQSDVGRkI3dkxidHY3bEdPQUY0WQ?hl=en-IN&gl=IN&ceid=IN%3Aen
"BAN vs SA, 1st Test: Kagiso Rabada grabs 300th Test wicket as South Africa takes lead over Bangladesh",https://news.google.com/read/CBMimAJBVV95cUxQMDhLSWR3WW03UlI5NGJ2Z0RjUE05MEhraERpTFJ4TGJsQno1Vl9IaHhpenljb0JwbzI3aFladmRnV2hnLThlekc1c09XQzRXUE9Nc0pDZjYtNXdJQmdHYmRtX2NLbDhWanlSV2FNd1RiWlpwYmlzZHZTNzNqQXNWQkY0ODlHR3RodTBtWkR5XzJmdVN3dkdHekl6Ny1IV0d3YnExUENVdWpxNUQxeEl6YnY2X1ZDaUZEaExPZnRHNVV4dExhbEJ1S0JPY1IzanQ3cF9BVE5wRy1MWHhGWFNPNVVLVjdfSHA0NWFBOW8tYk51d1NvT2RiRFdFZXpqUTg2SFhlT1NhSkZZUktMVmtabk1CMmFWX0RX0gGfAkFVX3lxTE5fcURzekVtUFpwWVdPdnlLcG82RVlPZGgwNVhQMU9qR1UxeUZsVHpyY0JMR19iNENFNWVQMFNHR2tnOWZ5bGh3cGI4SVd4NzE4MmtSS0MxblJtOEg5V2h5SjI1LW9VNzk3ZTQ0dnJKNHFoT0lMc1hfa2szX3FNSVp5MFp3cVNWVHdIMTFodEN4bGlHcjhIU04wbFBNQnVYZVg4czVVbkI4ZWYyV1lZS09BYnBhRFV2ZmlTaTRQQW0tM3h5bkM1QWNwV0Z1Tl9iaXJVRjdkRl9nUXRuSTMxVEl0d2dORS00YUJFZ0IyR21VRWJBdFBXcW1TMUZaZTZNRXZuWUM0TU5zVXMtQm5SUzR4XzItSWZlMW1rc05BUklJ?hl=en-IN&gl=IN&ceid=IN%3Aen
Sign in,https://accounts.google.com/ServiceLogin?passive=1209600&continue=https://news.google.com/search?q%3Dcricket%2Bindia%2Bsite:newindianexpress.com%2Bwhen:1d%26hl%3Den-IN%26gl%3DIN%26ceid%3DIN:en&followup=https://news.google.com/search?q%3Dcricket%2Bindia%2Bsite:newindianexpress.com%2Bwhen:1d%26hl%3Den-IN%26gl%3DIN%26ceid%3DIN:en&hl=en-IN&ec=GAZAqgM
'We're here to make amends': Cummins,https://news.google.com/read/CBMilgFBVV95cUxPXy1zdTJkekJ2N05xYnNYLTlXY0tKblMzc0VJS28ySFd3MEJneGltVzE5cndJQ3NZZUF2WHFFdmFiSEl6OF92YXhjcmo0Z19UdWE0QkRlLWpaWHRQaUxFQ2RJTlk1d0piZV9yOVdxd2JFZHV6QWNXUVIycW5oNzJzQm9JU0psUy03Q1Q2UzNxZzhhZEo0b2fSAaMBQVVfeXFMUFJSQ3RFaTBlRVVaWW5YX3M2Tnh2U1FpY2hHZnN3RTRSam9ZSkNTd3hKZ2tPVHlKQmpSZjdhMmNsQVZWQkpVcGRSaGdIU1N0MDhJREI3VkdmODFxQ0UtRThKS2ZiRHdTOExRTDZjWEdhcFd2Yk10VlhIVlZuZDMwVVBBUHltaGZ2MmpFTkdUX0ZBTC1rQjZ2VGUyTTB5dkJRcVJ4OA?hl=en-IN&gl=IN&ceid=IN%3Aen
India's batting intent on rise,https://news.google.com/read/CBMikgFBVV95cUxOdnktbmV5eWp2d0xNRThDMTRJc2xodk1MT1JQOGJpRHpxTWVOdDF1ZXhCbU9rcURrbGl5bnI2NkZkR2xlY2JNRTF6ZlZnaTU4c0hIR2d1VU5MQkpQSGJpYWpMWTR4MThQWGdZNGZiWUNKeVRzX1hITEJHMGxwLU5GNTJqMmtKb1JpTGNDejFfS0d4d9IBnwFBVV95cUxNekdiT0EwWFNuRkZEUkxRQ2xSVU1RckppbFNnNkVxNWlZTXVFMGhVS0FQYlozci1wMFpOX05iTkF6M3ZRREtsZXZ6UDhTNlpKbzQ5emZJU0lnYlh3QTFvNHVaeHVwN3JGYkJrSHNVajJXcjY5aU02WGJlS3BPY0hpQjRIano5Z3lTLTBXUi02YTBYcnNfdll5VkhxVnVpdVU?hl=en-IN&gl=IN&ceid=IN%3Aen
"India hit hard as 2026 Commonwealth Games drops hockey, wrestling, badminton, cricket, table tennis",https://news.google.com/read/CBMi3wFBVV95cUxNbE43TktwSUU1Z3JBTUNubjNpcjFfaFlQRzhZNDAwUnVVUldTUWFmZWh1X1pIMUduNjZxbjBjWXhGSmVGTHMxaGdVRHRIS0pIZ1hNYzUtUV9pMVczZG9teXBDNEZfTFJncEIyNFNDRDZJWS1VanZSZmhveExiMTFVdGhWZzVEdUl6cUhqOTd3cXA1cDRqS083dXNyV2F3ZWt3MWN6QV8yNWgyVGN5SUJCMnFZQVhxMEl3ektaSWhjMmt1NHA2Ulo1S1hxTHo1TzVMd0hXSDJBbFVHMmpCdlJv0gHsAUFVX3lxTE9PcmRyWTNaUk5nVzRJMnA3Uzdmd1ZTa0xSaXdEaUM4YW9UZElNendoSUZ3NjFqdWx3Vk84OEFCMnFnMzEyM1drNVZpSnFVRGY3dUphX3c4NDFFSmdsbDFWZldMejJwT0Z5aDZQaWFrMVlwc3ZDWkxSbDdueDY2MHJlVDF2TlFGRVlCYzNtRThXZGdUNE84d3pZTEpwcGRLOWJhZVFhd1JvWUl1TXRaWXlsQW9vU01jZUZGQTlyckNrNHlwY3pNTW0xa1FRVVRteUN3ZnA0VlQ3SGpyMFFzWUZMREZrS1d1M1BCSDNk?hl=en-IN&gl=IN&ceid=IN%3Aen
"Shaw left out of Mumbai squad for next Ranji Trophy clash due to fitness, disciplinary issues",https://news.google.com/read/CBMi5gFBVV95cUxQTUtqeTEtdS1Fem9aYUlMSU9iUzhOTjQxUy10eGZpU3EtUDFJNi1lWDdPczVMamUyLUJTMTludGNfMlZWcTlBTGRlczUzQzZfNHRCQWpfcVBxc1VJUExiYkpBMTJWaG9od29aRV9wVFpDOEVCUk8yT213elBFeTE0UlBZTVdGNU1XT2g4WF9iVGthV3VPaTNEZnAzSF9rdzkyN29CZEF1N045MkdDZ1hINXp5QmRJOFc4X1NNdlVrdndxMnVudTJ3azM0d3hiY3ROalhQOFpLRmYtWU1mMzhpNHczcXR5d9IB8wFBVV95cUxPMEFnSncxQjdFbHBoZUhnczI4UkgxS2h5c0xHVjhfNEJoRmZsTlVOTFBxanFLTS0xUFM2ekxsWHZYbWpya0pTak1hNWFNY1hHcXB0Y1dLbUdHWlppWFpvaVhIdWhmNExHLWVOZVVkRDFXeThpY2l5SGI5X045c1NSMm53aDlUYTdKajlDYjNwUENkRXlnQWhPWDIwclQtckd4Mjl0NWp1TWpoRTBnbmNIU1FWQUNiRjhXdDFLSkJ3djRFa1VKelFlWXh6UVpQOUZ2eFRNN3pQRU90N3lhTVlHdlptOVRjLXRYTC1fb2xLY2J6UHc?hl=en-IN&gl=IN&ceid=IN%3Aen
India well positioned to capitalise on new growth opportunities: Finance Minister Nirmala Sitharaman,https://news.google.com/read/CBMi9gFBVV95cUxQR21ZbnhaME9SMHdUX3dHbl85YzJ4RVlUNU5sbTF2eV82LVNidEcwbkZMY1BLdWNJbjRLcFhtOVZqUUVfd19SaFhncDV3dkI2d3dmOUJyblI5R1VzTmR6dWZNbzViUFNtLVdHZDgwZFdIUWZkODlpX2U1M3NpN05jcWVDeGE4SWM2ejNJdHBtOXRUcmktcFdzSnhtbllTTTA5NE4zVmUyX0VNX2Rhd25OdGppcDNpc09zVnRqUFg5aUlFNENGcThEWHVMV1BCOVBvZnBuaVFVTHBraTBpY2kyZG54b3JDZXlZYWxsYlQ0RXFSX1ZMU2fSAfYBQVVfeXFMUEdtWW54WjBPUjB3VF93R25fOWMyeEVZVDVObG0xdnlfNi1TYnRHMG5GTGNQS3VjSW40S3BYbTlWalFFX3dfUmhYZ3A1d3ZCNnd3ZjlCcm5SOUdVc05kenVmTW81YlBTbS1XR2Q4MGRXSFFmZDg5aV9lNTNzaTdOY3FlQ3hhOEljNnozSXRwbTl0VHJpLXBXc0p4bW5ZU00wOTROM1ZlMl9FTV9kYXduTnRqaXAzaXNPc1Z0alBYOWlJRTRDRnE4RFh1TFdQQjlQb2ZwbmlRVUxwa2kwaWNpMmRueG9yQ2V5WWFsbGJUNEVxUl9WTFNn?hl=en-IN&gl=IN&ceid=IN%3Aen
Change in term for ICC Chair recommended,https://news.google.com/read/CBMioAFBVV95cUxOLW9adFFXbHBNcE56NElYQTJ5UTZadTcwOXFjaUdMVXZGTUwxVTZ5MzBTNzdiajlSNmtwTEZPOUM3ZmZZQW9kMHhseGVDLWlaSWg0R2x2dlVXSmxWSGtpOEVadk5mbE1XaFFGT3FRMlBXVC1tWWtEX0xoZHB0cEt1UUpZdDdfbVNHUEgtUmVzS2N4Wm14V0Z1bUFuU1czWGlp0gGuAUFVX3lxTFBOdEYwWmN5S3ZOeTJrSnJLNDVwS0xUSU5zV1dCZUtNWV9ReWViLVlqcU9iOE04NXVLeXZHekRnR2FxSnVkZXBZYmhOVzFlcE80M1VLMDMwU3ltUkM5R2g1WDFpX3ZYSjRiTDBVc3FsNUhETUlqU013dFFQaUIxMXpxZk5lWXIyZ3BKaHR0d3hFcXJMZ0ZJeVNpRHNFbzJZWXAwRE9rZ2JfWlVycHhWQQ?hl=en-IN&gl=IN&ceid=IN%3Aen
"BotLab sets sights on new international records with 5,500-drone show in Andhra",https://news.google.com/read/CBMi3gFBVV95cUxNX2hDOXotckRiYXJCMUF0NFFwc0lENGlCb2UtSFBNN19nUXhPTlZ4WXQ2ZzVHQV9RTWVUUnY1V3h6eF9kM0NLb180Wk5tcjdmekJWa2VlRTBWcDZ6d0JZa1JFa195dXludzdXd1FrTTlidE1mbHIzTGxza3oyb1VmNGVBcGpoUzZ1Rm1BNlpUZG11LUhhdzlPanhsdVotR3hnTXN2c2t5ZGRxYm9ES2hSSXo4cFFpeFV4RFBDcjhHSDlwbTE2N1lqQWUyU19pWmwxRVpsQnZ6V3JlMUtpN3fSAesBQVVfeXFMTjJpS3VROGpDRGJQMXBYTXVKQkJrbzFvNVMzU3NTTVp4Qk43dVRmek82aERraHlpcmZoR2poTWVoZHhhUGRITVFBemc2VjRpX09oM1E5YXh5VWxkZFRxQkZwNlp2cDFZMU50R3hPVDBHUS03b0MtUVhxQ1hzUm5vOWJsMnIzWjVDbjBTcVl4MEg1Nkg5cnJFa0RvbU5DRkFnZDZ2TmxaenRZQVA4WDlFckdSZUZpY2lwcU5JUTZFSEN5VDE4Z2dRdTVZTDJXenZ2d19XZXRaZS1nMTVxeXNpX2NlbDBzRW1QZVpkNA?hl=en-IN&gl=IN&ceid=IN%3Aen
The battle for the Soul of BRICS,https://news.google.com/read/CBMinAFBVV95cUxNQ2hreHlsck1ZZ0puanItLVp6bEVkQWFHejJJVDd2Y2ZqZ3cyRWtNNzM0RmNwczg2VVhoenVNZnBSLXQ5LWhHZmdQVUZRcldWYmtmVm1SS0VpaXRTYkNCNl94dVRLbUo3a24wREVMN1pRMTllbVpEbWJ1SWlPeUphX2o0YnJ2RG1XU2RRejV4QkVDUW9lUVRyazdORDDSAZwBQVVfeXFMTUNoa3h5bHJNWWdKbmpyLS1aemxFZEFhR3oySVQ3dmNmamd3MkVrTTczNEZjcHM4NlVYaHp1TWZwUi10OS1oR2ZnUFVGUXJXVmJrZlZtUktFaWl0U2JDQjZfeHVUS21KN2tuMERFTDdaUTE5ZW1aRG1idUlpT3lKYV9qNGJydkRtV1NkUXo1eEJFQ1FvZVFUcms3TkQw?hl=en-IN&gl=IN&ceid=IN%3Aen
"Diabetes, obesity greatly increase risk of fatty liver",https://news.google.com/read/CBMitgFBVV95cUxOOFh4dFRua3M3RGQ0azQxLUdCcW5qV1MxbXBET3dQQ3dMd2dvQ0VZSlpMelNUUWJMd2JlZk1oZDIzTlRYODNmUE9rXzA2R2JoM0o5RVppQ0ZIOFdzMDI1TVlLNnp1UFJRTVNxcTRDdWNMSk9YZm40UG1KY2NYVmJSMGYwWDZkVHVoeDR3RzA3UmVRQ2hDRU8wMl9UNDlQUTVPczBwTUY3NU05NWFvQWdDcEg3RGJBZ9IBtgFBVV95cUxOOFh4dFRua3M3RGQ0azQxLUdCcW5qV1MxbXBET3dQQ3dMd2dvQ0VZSlpMelNUUWJMd2JlZk1oZDIzTlRYODNmUE9rXzA2R2JoM0o5RVppQ0ZIOFdzMDI1TVlLNnp1UFJRTVNxcTRDdWNMSk9YZm40UG1KY2NYVmJSMGYwWDZkVHVoeDR3RzA3UmVRQ2hDRU8wMl9UNDlQUTVPczBwTUY3NU05NWFvQWdDcEg3RGJBZw?hl=en-IN&gl=IN&ceid=IN%3Aen
Lost in the neighbourhood,https://news.google.com/read/CBMikAFBVV95cUxPUDBKYjhZTThXcmd2TWd1ek5FOVhMTzJmck9DUWVaeURWVi1uS3pHRHZjQ0xvZkRmQ3Bkb2xxWUxYVnRmSGxmakFrcFJGakd5T3lpeVAycFotckZMVC1RSkVzN0w2WDJoUEdQWnVXWHk2NVdLRVE5dmN2Ty0xRFZUcTVJQV8tTDNZcmM1V0h3SzbSAZ4BQVVfeXFMUGxQc0dyMXpJcHdNVWFJVlZiMjJSUDdhZXRsbmFDTDNEQWQwN1VYWVR5NWwwelVRdHIxbzdvUU1mM1Y3NzdUOXFaanpwQU1BbC1hZ1pzLU9lN3NEWlJDb2xuM3F2ZGdPYWVPUEliMV9iSW1pNnFwbU45RlEyN0MtRE9jN05RQ0F3ZGlXVDQtdzBCR25zbHlxTWx1Y1pfWWc?hl=en-IN&gl=IN&ceid=IN%3Aen
Delhi lower-order avoid innings defeat against TN,https://news.google.com/read/CBMirAFBVV95cUxQQlFjUDFxWmNxeTBaV1ZxRWdPeE5Nc0hjTlFZVXEyZ05KTXJZZmFoS0c5aWdCMUV5QXRJNGZMYmUtQ0NmMUVEUXF2MkdVSXVvS0J4S0U5MGc2M0RmY0VJQkg1bVAzQzdGNERzV0hsZEQ4VUNOSTdVM1A3bGYzMWNjNjV3QWdFRDBTUkdJclg4MnRSczVEMm9UdjJQZ3NxajdFQlN4YlByT1hRUE1s0gG6AUFVX3lxTE5NWENuRlY5dFpDWkVDT2MtcDJrTDQzMnVSYkFqQ1g1TS1peFc1VWN2bGFITS1WU3dZT0sxV2ZyeDdMcVRDMGZNSXhnSjZxb2Y1azRxenlkcmZiS1U5dkdPQ0ZPRlIwYjVPQlRXck8wZ0xzTDc5RTdQLXdlVjBXdjV4ZS16a3lvZFZVVFVVOTgwRHdqNlhZakpmNmEzNWZTTFJKQW5XbkN3ajdOY29ITlcxZ01WdExoeTh4dw?hl=en-IN&gl=IN&ceid=IN%3Aen
Sports injuries on the rise in kids in India,https://news.google.com/read/CBMiqgFBVV95cUxOYVlPTC13T0xZVE1rWTRSOXhPSGVKQTZ6MlhZSWEwT3J4MHRPWG9zZ29TRDV6RURQYVlPb29McXRWT2Q3LW5SUW0yN042Wkx1czczeXhvWDg1SDl0VFJjWUdXWWZwN0hwZjlyc3d2ZlZ0Z2N0dGYzc0xKa2ZnMTN6M3E0UGNVMXFSUzlFZXFTeG9EdXk5eHNlaklYYWZQLUk1a0FUQk00Z3Y5Z9IBqgFBVV95cUxOYVlPTC13T0xZVE1rWTRSOXhPSGVKQTZ6MlhZSWEwT3J4MHRPWG9zZ29TRDV6RURQYVlPb29McXRWT2Q3LW5SUW0yN042Wkx1czczeXhvWDg1SDl0VFJjWUdXWWZwN0hwZjlyc3d2ZlZ0Z2N0dGYzc0xKa2ZnMTN6M3E0UGNVMXFSUzlFZXFTeG9EdXk5eHNlaklYYWZQLUk1a0FUQk00Z3Y5Zw?hl=en-IN&gl=IN&ceid=IN%3Aen
"'We're trying to restore trust,' reacts Army Chief to India-China LAC agreement",https://news.google.com/read/CBMi0wFBVV95cUxOZ0VDSFNsTWFZSmVlZllLbXZjN2YwSkdWVktEOUFxQkY1Q1BQcVVCdi1KdXk1cDVvcmZCSEdPeDlOY3g5T2U2TTRSVlR6OURVQ1JyZFRsZ0xyc191cUpWU1dwbEg1Ul8wSjFmdXNjZlAwRVA5dkoyNV8zWUJmSVdlTHAxM0laYzBNRVgyT2VsRGVORFpoUGRha3ZEdXdMQ05iRFZGd3hGdnZMZEN3elczMVlVb1JmSzFpUDROc1doVW9wdno3bm1DRVVQT0huWXc3N2JB0gHTAUFVX3lxTE5nRUNIU2xNYVlKZWVmWUttdmM3ZjBKR1ZWS0Q5QXFCRjVDUFBxVUJ2LUp1eTVwNW9yZkJIR094OU5jeDlPZTZNNFJWVHo5RFVDUnJkVGxnTHJzX3VxSlZTV3BsSDVSXzBKMWZ1c2NmUDBFUDl2SjI1XzNZQmZJV2VMcDEzSVpjME1FWDJPZWxEZU5EWmhQZGFrdkR1d0xDTmJEVkZ3eEZ2dkxkQ3d6VzMxWVVvUmZLMWlQNE5zV2hVb3B2ejdubUNFVVBPSG5Zdzc3YkE?hl=en-IN&gl=IN&ceid=IN%3Aen
Hyundai shares close seven per cent lower after discounted listing,https://news.google.com/read/CBMiygFBVV95cUxOc2dJQUU2TFllRENIc1g1QV9PX3ozLTVYRElsN2puTTM3RTBVYVFEc0JGZEoxRDFhUzZkNlRMNVQ0TXJBUm4yQUFnOUZ5bktMLTZDWEUyX1NBS3ZjWHFwVHBSS21QN01yWnltbVptaWgwTF9CQ2tvLW1UbGlJUm8xZHFaYnpSd3N2MllhRFFvVXgtZ0hFRGNSUHdpa0hZVTFVSlRmWHdZeXQ5YV9naGNuc0VrdExIUVdvZG9KU2dxeWs0QnhYeFVoYVZR0gHKAUFVX3lxTE5zZ0lBRTZMWWVEQ0hzWDVBX09fejMtNVhESWw3am5NMzdFMFVhUURzQkZkSjFEMWFTNmQ2VEw1VDRNckFSbjJBQWc5RnluS0wtNkNYRTJfU0FLdmNYcXBUcFJLbVA3TXJaeW1tWm1paDBMX0JDa28tbVRsaUlSbzFkcVpielJ3c3YyWWFEUW9VeC1nSEVEY1JQd2lrSFlVMVVKVGZYd1l5dDlhX2doY25zRWt0TEhRV29kb0pTZ3F5azRCeFh4VWhhVlE?hl=en-IN&gl=IN&ceid=IN%3Aen
Sign in,https://accounts.google.com/ServiceLogin?passive=1209600&continue=https://news.google.com/search?q%3Drape%2Bindia%2Bsite:newindianexpress.com%2Bwhen:1d%26hl%3Den-IN%26gl%3DIN%26ceid%3DIN:en&followup=https://news.google.com/search?q%3Drape%2Bindia%2Bsite:newindianexpress.com%2Bwhen:1d%26hl%3Den-IN%26gl%3DIN%26ceid%3DIN:en&hl=en-IN&ec=GAZAqgM
Union Home Ministry extends residence permit of exiled Bangladeshi author Taslima Nasreen,https://news.google.com/read/CBMi2AFBVV95cUxOUUs4WmZRbXFwS09kY0NJXzhRcXFVWW1BZDI3M2RMRno4MkJJNlBVa2NoYzRtaVFUR21YUHd0ZFd3eUlVXzVVMmxFRHQtN1ZzaHZiaVJDbV9OTFYtWEMyX3FaallpWi1mdUVnbjhHdHpVNFJUN19WMVpCaG1EMUdiWVlmUEo0WVJXX3VlRWR0T0lJcXhwd0hWZDB0aUlvSzdGUUMwWkNINjNJZm9MeHQxZzA4a2ZSYXJ6dFlHWjRxNXl5Vk5mVXg4dDMyaDlZU2xoLUotaEllWEXSAeYBQVVfeXFMTUgyMW5iUV9ha3BsVnJHNnBVZG9fOFBWa3VDWTRVNkF1eUhOQU13cEl6ZmtzblNaNDBPaFU0aE0tTHNsS3BXQWltM2NCMG5QbDVuMldfeFRQMjZNVk1QQ25wRDhkcW5LZ2dJcmZfRUJGSXhNUTV1M2lycEc2cVgwOG10QkNVTS1PcThuemZPOHN5cEdSNE9FOEszOHp0aXBpVHVCcWNXVFhLSUwzTHc3Z2NwbHY4V0tteWdEQ2dXQWFoN0RNc0d4X0wwNHBraUtkS3hCTTdnVmswYkxBYU1pVlFzRmtiaGc?hl=en-IN&gl=IN&ceid=IN%3Aen
Karnataka HC dismisses PIL against Rahul Gandhi,https://news.google.com/read/CBMirgFBVV95cUxPaFRjQkpOcXpyYzVjV0tNZlROSHBMZDJFWDVUNkpzV2wtemx5UHhUOVI4dVZQY3RQOUZaajZOWnVBZFEwMFhBM2tlUFZRSmFSbHJGVEFPd2V4V2lTZGhCT3hCR1h6aXZKUXhWRTEwMnlwblNqZllEa2NiNkhXQmNhdGJoUEpHZUpqNTlqNlFCSy1QbnJXcWNHWGFnc0Eyc3RmX1pQTzFZcWh0SmRJVnfSAbsBQVVfeXFMTlpLVVJKUzV5MWp5MmwweE81ZncyRWxXc2NEby1NUlNSa2JRak5YUVpXZldOQnNOMzZ3S2ZRd2luemc3Y2dyeWE3OHl2SUZwMm9XUFRsMzZRTXk4MTFvOFgxYWw5bnFZSHhEZS1TY0pHbkQ1VGN1NTRGT2NIeGxUbm43NU9xVTA3YlFQXzEyQjlkR01oaWRSeGI1akFwcThDYkt1eVNvczVXZ19KbVZ1WC1XRG1mWXp4WDlTNA?hl=en-IN&gl=IN&ceid=IN%3Aen
Sign in,https://accounts.google.com/ServiceLogin?passive=1209600&continue=https://news.google.com/search?q%3Dterror%2Bindia%2Bsite:newindianexpress.com%2Bwhen:1d%26hl%3Den-IN%26gl%3DIN%26ceid%3DIN:en&followup=https://news.google.com/search?q%3Dterror%2Bindia%2Bsite:newindianexpress.com%2Bwhen:1d%26hl%3Den-IN%26gl%3DIN%26ceid%3DIN:en&hl=en-IN&ec=GAZAqgM
India’s gains with conciliatory security in J&K,https://news.google.com/read/CBMioAFBVV95cUxPOGxBSG9NVVg0bmRrZmJhaDVVR0VkQ21kYXRYcmJmSzVBTnE2ZnlKV202bnVrd2NXa1dST25FNS03eXhSMk84ZVFFczRYQU5ZWTNPcWNVZXd0N3FpVVBka2VzYTdVdE1QVWtodmp6cTE5UkhSaVIxNUczX2xRbkNUOWVfeE9meUYyVEkxME5aQVlucjdEbXljMFc5bHdQQWZ00gGuAUFVX3lxTE9Ec01fYWhraFdkRllrdllPYTBlSUJscHhKdUZOelltT1pOeUtrOVd3QlJoNFBDWXdOdHlxb05LLU5ZeVQzbzR2LTk4MEIxSEdfYlFCcEl2V3U2ZFRwNlIxZERscF9haTd5NWZubk1uWEhqNUN1TzdVMURaR0ZYMEJhaEhGaEFIMnB2UWdPRWJJYVpHLVZmc2U3VnJVS2JISmJBa3FhTWcwblYzZmI1Zw?hl=en-IN&gl=IN&ceid=IN%3Aen
"Punjab terror conspiracy case: NIA files charge sheet against key aide of Khalistani terrorists Rinda, Landa",https://news.google.com/read/CBMi7wFBVV95cUxOOUJpbUNtLS1nbFRZei1pTWE5bVlaVkh1S052Q0VtRlJmOU1kU0Z4aUNob0xvR0NncE5teGJudS1OaDRkcFJQcXEzbTlHak1mVG9MbkJKd2dJTExuaC1XZUNxUUdhTGFydEEyN3lMSWtHR2I4cDhjUkcwNEVwZjYyVVdobXZqT3phaV90WFVHWWVlVkxVcDB4V1NkamZ6cWpyeWJIOWRPSldlSDJIeXhyc3o0UTZYSm5jaUI2OTJQRzJUSDlfbFExT1lNUFNLaTd1bm5XeUR6am1zVnBQdXlfVE5TeDJRQURnWHhOSmRQRdIB_AFBVV95cUxPRmFkMjdOM2FwaG5VQkFUc09WZ0ZuQVYwXy05aHVqckxac2V6TVlpXzg3ZEg1QjE4NVE3OGdLYm1SdlpEN0JmWmdfUklHWk1jVzU3WXp2alNwS1QtVVdsR0dhTHZtWG5Ka01Fd3VscWd4TDJBd0pqZXVYMEhSVVZHS2VvZ2RzVjlDTkhnd196SUx6MEt2QnphUkpyS3RMdTREVi1idEZZZFJvNnc5dW1WM0JOT3ZNdDgyX0JaNEVEa2t6R3BPZUUxQ0xtcWVZLS1fdXhGNzFmbmt3MU1HaDczYll4clFMVHNJclpvdUUtNXNJTDBpVFZSNERlVGE?hl=en-IN&gl=IN&ceid=IN%3Aen
Two men plead guilty to murder of Air India bombing suspect Ripudaman Singh Malik,https://news.google.com/read/CBMi0AFBVV95cUxQNHc0S01CY3VUVDQxTjY1Yks5dXJERW1mdUlqRm9oVllMdjFhb1ptSEZTajQxRHNOSEZIRVBPejRod2ctdXltZjR0Qm9NR2lhYzFTUUNYVlBFU1I3eW9fRXh0X1UyajBqWkljSXhmOEJSVmdMUEExS1drS1V2Z2hLNm5CNGhsSklVSVI3T1J6cFNvSFdyZU5qcEl1SEM5SjY3b3RZUkFnWGRDUzhuOGZsQVg4elp5UUE3dWdMaGVhZ3Z3a1g5cXBUMm92WTFQc3FX0gHeAUFVX3lxTE9KYmpUeGppbXlSaTVBSGxCR2hvVm9SendWVDdjdFlZaUpjUTdxdUhyeXZ6S1JtTkRybnFDWnZ2eXFtMjhva1RNa3BtY3k4Z01kUUZsZ19RNWlFbEgxYXNCWGVkWFhTMXZpOVNiYnRlcGpXdzZyRTFfdDFqVE02Ti1mMkJYNk9zbGo4aDA0MXpySmNEWjdXaHE4bkNlNHFwTW12TVU0TjBDSkU2cTRpZHU3ZjVqVGszWmV1Qi00NEdCUmRvX2VUSHNFMkFMamtCdWN1STJrcE1jMjBSNzZTQQ?hl=en-IN&gl=IN&ceid=IN%3Aen
The New Indian Express-Bengaluru,https://news.google.com/read/CBMiVEFVX3lxTE5pZWZUaHhBanNTMlBmeEF2MjU4bTl0aHNsa0lXTXVNUl84Mk9SQzlDSnRESFZmazZocVpreEtqS016aHFaaE44Rk1OT3dsby16UC0xdg?hl=en-IN&gl=IN&ceid=IN%3Aen
The New Indian Express-Bhubaneswar,https://news.google.com/read/CBMiVEFVX3lxTE85bmtucXBTZ1AyOFJVNWV2WTJJSm5XWFlWblo0RkdLdU9iaG1IRmd5bWVkT2JlSlY1TkVHTDZpOGVxaExpN0w3QS1qbEVtZVVqWEZsag?hl=en-IN&gl=IN&ceid=IN%3Aen
Mayank Singh,https://news.google.com/read/CBMiYkFVX3lxTE1LUll2QWljMklsakFWcWpURk83NU05ZThSLWJKSW51TTBuTzk1cHBVNHdOeUFtR2h0TVVYLVU1V1B5RnUtMFZMYnJSVGhVYlJseC1Kb1E2VDhyV1p6bG9fN2VB?hl=en-IN&gl=IN&ceid=IN%3Aen
The New Indian Express-Chennai,https://news.google.com/read/CBMiVEFVX3lxTFB5Zy1yT180eVhoWnJqQlo5UmktcWdyejduYS1WcTI5UVk2dXlHUnZjT2ZEdDhiQU8waUJ2clpfcE53Um5RTHlVaEhiSUxyVWsyeGJ2SA?hl=en-IN&gl=IN&ceid=IN%3Aen
The New Indian Express-Kozhikode,https://news.google.com/read/CBMiVEFVX3lxTFB4UWpDNC1BXzA2YXVtcmV6c2xMekhSbkFFX0tyZzg1WWc5QjhtUktMZzN0U3E1YUdQWDlWR0M0bEFyNHRReDFDV09HT3drWXNaSmVXSA?hl=en-IN&gl=IN&ceid=IN%3Aen
The New Indian Express-Tirupati,https://news.google.com/read/CBMiVEFVX3lxTE1YMVN2NnVGSVctUVRHWkFZaDY0RWxEYms3eExlNTh6U2VxYmQ5OG9CVDMtRDgzaUx4RUpjOTc5dUpPZnBOX2ttNkhMZFE4c3JKem9VOA?hl=en-IN&gl=IN&ceid=IN%3Aen
The New Indian Express-Hubballi,https://news.google.com/read/CBMiVEFVX3lxTFBudXBPZEFCYlRmZ3ViTk9WamJoWjB3STZMdmVkNzJ0MlNhWkt5bTBZX1ZIVmhiRGJGeEFfWUVueGY5RzNOM2pabVp2U1lUMWdSbXB3Vw?hl=en-IN&gl=IN&ceid=IN%3Aen
Sign in,https://accounts.google.com/ServiceLogin?passive=1209600&continue=https://news.google.com/search?q%3Dvictory%2Bindia%2Bsite:newindianexpress.com%2Bwhen:1d%26hl%3Den-IN%26gl%3DIN%26ceid%3DIN:en&followup=https://news.google.com/search?q%3Dvictory%2Bindia%2Bsite:newindianexpress.com%2Bwhen:1d%26hl%3Den-IN%26gl%3DIN%26ceid%3DIN:en&hl=en-IN&ec=GAZAqgM
Modi says India a beacon of hope amid global challenges,https://news.google.com/read/CBMiqwFBVV95cUxQTFFJVXlmS3lyRWJOSGszS1NWbl9xTEl3UERTM1pmalcyUlh3Rk52NFk3cWdmWkNRVWFnZW1PeExyU1ZzY3dOQU1qZXFlcFZ1WE9lRGtlcS0zYlZrOGFwMFRNNXVlTmxTcjFtc1E1T3NfQmZ6VFJEbGFLQ21lcFVmMFdjdmpsTGRITnNkWGJMS1I2bVBPNWIyVXh5cmxVWmNEajhmRUF3YnBBSk3SAbgBQVVfeXFMTnEyMkNHa01TcEFTNmVlbVd6NlZ3NW5vMDBvdU15Y2xDQmNzeHZ5a2Fnb3hJbU01UVQwek5ScEIzaFFvZG41SC00UkFpUm44MEJ6ZDVjd2RMeGtXOEI0SUprYi1zYWpJY1d1THMzU2VIRlREV0hWVkNYRnJZUmt3aFY3UC1lZW1vbEdiM3dnOHBRNmNiQklsa1ktcjVUV2lnZXVJbm9neVBfM3Z5b09SMGRnNW83dW1vbA?hl=en-IN&gl=IN&ceid=IN%3Aen
Rajesh Kumar Thakur,https://news.google.com/read/CBMia0FVX3lxTE9fRmJoY0pyN3ptbnF4QW04bFN2ck1GYjJtYkg0LWdLSFktOE9xaVhyamdUZHVqQW1MV0ZqOGpBQWZ6Y0NwWmpLREJsOU1DVGtuZEFFMlZOT2Q2S0ZPMDhYeWZhSGZLaHpEZElv?hl=en-IN&gl=IN&ceid=IN%3Aen
Sign in,https://accounts.google.com/ServiceLogin?passive=1209600&continue=https://news.google.com/search?q%3Dcricket%2Bindia%2Bsite:news18.com%2Bwhen:1d%26hl%3Den-IN%26gl%3DIN%26ceid%3DIN:en&followup=https://news.google.com/search?q%3Dcricket%2Bindia%2Bsite:news18.com%2Bwhen:1d%26hl%3Den-IN%26gl%3DIN%26ceid%3DIN:en&hl=en-IN&ec=GAZAqgM
"Australian Captain Pat Cummins Warns Team India Ahead Of Border-Gavaskar Trophy, Says 'We're Here To...'",https://news.google.com/read/CBMi2AFBVV95cUxOSTJLZ2Z1Yld4clZQdmU1WEJ1RTV1emRHOWZUalZOZXJvd2Rwc2JNc0hkY19lckM1ZFdGRXVrZ0tHUmlMRDVJLU1qSkVocFktZ3FCSlVYSFYtZG1UMXVENGE3Vmg3ZVI5UFJaMW1fMHREMjV0NjdORmZJd1NMbjdDWVJQRm5yWk5aQWtiLTRqMmxJTnltZmpQdW5mUklWYWtJTDhjSWduSGJrNEhBWkxiVGFJZk96MkpMWk9kR0o3MFlKOG9GTkpyUXR2RklPUVpNd2laV3Blc08?hl=en-IN&gl=IN&ceid=IN%3Aen
'We Want Dhoni To Play But…': CSK CEO Provides Big Update About MSD's Participation In IPL 2025,https://news.google.com/read/CBMi1AFBVV95cUxOOGRtam4yNWhSWmRaRjQyT2ZvWF9PUTFWNEI5dnFsTnpTcXRQM2NOY0FSRjhQdFlnVzdkVmw5ME5MSTNkcllBaDZTWFZBRUtyMmJzOWlFMjNsaG9PYlNJWG9tVXA5Q3Z0OVFQVGlZclg3cllxZ3M3dkdSQXBjdFlGaVVad2dmekRod1JIeUcwR2RUYnJUak5jV1pJdS0tU3o2NnlxYXhyT3pLOUlFZ1RRQml0Rk5kaktVeEc2b0Z3UkxQN2ZaV1JRSVd3REluM01oMk0xMdIB2gFBVV95cUxObEFLX0Z1Rml0dHNDZE5wNmJvTjVneXEwdTh6UGdGVUpCMDY2eGk3czMzTU51RGFoR2ROeFUwZkpqTy1makE1M2lsaVBRNFR5X0lFaDZqd29tQ3Z6aEVVWG9Ua0JXNVZwbTNWZ3dnOXlGWWh5OGNQaHBKTkE5dzJjTjRQWVpDRGFBOUZxRzJkMnQ3bEZMZm5wUGpDbWhYWnAzN0VTTUJqR3p4a211Tm1HOUF2ZHpTUjMzQ1VrcHpvaVpVUlgxcGsybGJpOFM0UlcwYzFXTTlUT3BCUQ?hl=en-IN&gl=IN&ceid=IN%3Aen
Steve Smith's Sheffield Shield Struggles Raise Concerns Ahead of Crucial Test Series Against India,https://news.google.com/read/CBMi2AFBVV95cUxOcUlBNm1zSE1Yajd4eHJRdGprNHpIYWVtMXU2dkhCZkVETnV3d2VxWmFoTmFMMk04ZG05clB6ald6N09CVC1pLW9IYnlQc1JzWm5oY0RoOTdNN2VseXZ1NFIwUk9ZRXVpWjREOHNodkktN1Eybk5FVm4zTjNpaFZncktwTWJzVlljX0lXZjZXUVFqa2Y4YzlDY1MzalJoc0M0WjlsNWpRWXhjdktrLXRqMW0zYm5fT2NCLS1NdGN2bWh4YUptYWYzVF9LdXUtWmZrMXpUclVpTXTSAd4BQVVfeXFMT1R3NkNBSlk0U2Y2VmtIanNJcG9lRW1ZZGVfcm1SWFBDaURfblo1bEJFMjh4TElVdUVrWG5lT3dMS3N4TDJQQnV1aUZSRWtYZEhhYUNyQ2oybldWbjRhSzNfRmphdmxtMW5aejdZTEg3RTJhTFhVQlNpMTdwcVBTR053eW5fME1PWmFWTE5HY0NsNWI4eXJfeU9TY2hGYnBCU3ZxYW54NGh1U1d5U0liaW1SejdKMlNGVnJUakJuVUFnU2hfS3lDZG1jYS1BekZYdnhUY0J3TTZROWlWTktB?hl=en-IN&gl=IN&ceid=IN%3Aen
WATCH | Virat Kohli Leaves for Training Session in Pune Ahead of India's 2nd Test Against New Zealand,https://news.google.com/read/CBMi2gFBVV95cUxONDNOOW1qZkdkNzJSTk9mZzRfSTNwZER4S1diWGFUZEFON3FTOUJocEFFd2tIdm02SUtnNGRWNGd1WTZsQW95TVNyVTNzVVhpVkZxa2xMS0JtUlRmYzcyVkhVVjhIS3phZVo2RHRIOWIxSEhBQTRvaTNKV0hsTGZPdU1XS3dvVFVvY3FIcGotSVlfSl9yWEw4b3BjYjB3b2loa3ZoRmkySzhvTHBsaGU1SDU3Z2paeGhFdFAxejRqRGVzSlRiUG9oMjVtaUxlMzJNcEpBYXc4VDZud9IB3wFBVV95cUxNUi1UVVkxT3kwQlNCMUlCNFZPbmc4OUUwSGtDWmpNd0lEekhLS2p2Zmd2M2FHM2paYmYyR2Q4d2QtMnpmb0RzYTBubV9RemtNRmpGWERreU9IRTVVNmRqNndJY09kZFcxQ05EbnNUVUwxN0ZnSTV2dkNhTy04U21fTlJIMFhOc0JUUnJvTUx6a0QtdUp1OV9LVGhCVFJWSk1ja3JMMXdaWnJOcFpuUl9sMTRUN2NvU0hpa1E1QkFoRmFCOUQ3QWw2OHhJQXp0Ukw1cG10dzRzTDR0SXRrSi1j?hl=en-IN&gl=IN&ceid=IN%3Aen
'Don't See a Defensive Batter in the Team': Aakash Chopra's Big Question To India Selectors On Cheteshwar P,https://news.google.com/read/CBMi5gFBVV95cUxORUtFWkJqaWRNek84dVdTV3MzS1YwMHJZWVRpSVJVRjhPZ0tEczFCQnd2X3pHTS1GOU9HczlQaWtoUzdxZTlDRkhNUU9PZXJibHRzUVlwMlptZmx6aEZoYS1JNFRQUmszdGI5WVhjbk1QSGlhczF0TmJ1ODNJTl9ZMENENkx0S0VQRGE3RXhNQUtyR3dwY1lWSkpzMWdOSG50YUVhdDZfWjhpTTROTS1OZExjYjNaYVZkekdqNEhvWnI4Z1lOcjgwVS03eXFfWXNtNE5ka1JJVXRjcVl3b2pDcWFmLTd6d9IB6wFBVV95cUxQTkxXQzdrZUJXaDdZX3owdGFXT3REY05SNmhMaFJzLTBfV01vZDJnRWRhUTFDZDlDc1hiSlp3dmJKNm5oMlJUVmlGRzlJRV9udlNCRThncHk4UWkxdXJUdkVobTd1dUFrSEJpcmh4cTNmLXhBMnFDTHAxZllKd09hR1hfcW5CNzNHblBLYzM4VXJwUzZDZnROcEd2UVg4MU9EQ3VuanpFOG50ekFKSTFneDlGVzhHMTlNaXBKZmZTYk5qOE1IWWR4ZGtHWC11V1BSdTZNVVJ4emtzcEFJRVhFMWphUFIwLXl3THpn?hl=en-IN&gl=IN&ceid=IN%3Aen
Not Rishabh Pant's 89 at Gabba! Pat Cummins Names This Indian Legend's Knock as Most Memorable in IND vs AU,https://news.google.com/read/CBMi7gFBVV95cUxPVGtvczFGcVNoNjc3TmttejcwdzdZS1JpWG9oZ1pnc0JjWmg5X2dMdlhWZEU0TGFMbTdKUVI5bEZJR29UR1Q1NFlIOUtzWWR6XzVVRUhkZUx5azYwNWVYbUdnckZwN2J0YXdQczBSdmRad2tuWjVHNG83SDV0N2FjVFVVclV6dGdWTnI0YVcwcmJOVEx5NEFydHktMVc1TjhydnJTSi1Oek0yeDloWGN3Y0toZ3BCN3g0SWxqdnRmcTU1TU5xa1ZpSGhUQzB4WTJOS2E2NXVBOW00WUhGbkhjbGZBMnRmclVIbTdJYlZ30gHzAUFVX3lxTFB4YkNjZ2Z6MXVwOGVYbzhXN1YwRkdSZTJZZF9ZdVhnMzQtMVlTT2x0YUhLalBFR0FCMmRVVHJSUkNIZ0EyUk9iYmRjVTZYT2pUM1poM0s4YkdQS0NnMU9kWlVCSmtkOXE4RURGNy1ZWm1ibVBHMGxhUjBITFU1aVFHWmI4SEhjSU42MThkbTlGdUw1UndnVGRpSHdROHhZTlR5NldweGNGckp2TS1Kb2UxY2Z0Z2RmUzY1Z1hObWR5RmN4alN1TG82dWtTS2ZCaTd2QkwydGN4bVBpR2xBMnpCZU9paWFYOTFwMlJvUl93MUt1Zw?hl=en-IN&gl=IN&ceid=IN%3Aen
"Indian Assistant Coach Backs Mohammed Siraj Amid 'Wicket Drought', Urges Pacers to Play to the Conditions",https://news.google.com/read/CBMi3wFBVV95cUxNcEo0Qm10TXhQZVVJamNpcG9TNzA2dmdzc0pfaWZkWHVpV01YRWg5M3EwYV9lczNPaGJPQnhJdEk0eTh0dkw4ZXNIN1YxTmRmaE9PMlZIM2l2VjRNLWhzZUt4MWVISk1MRUF5Y2IzbW9YTVFrVmZoM3BVRWJ1SVNpSE5YdGVRS1d6bGdTdVJiU3JJLWxmdFlpT3NLTmRaaW9VeUFIYVdDaHExdS1lMU8yQ0J6bUVFcXB1alF1cDhuY1Jfektkb3IzQVBjbjZ3WnBUMmhMM0ZVdG5tZVk1SmIw0gHkAUFVX3lxTE5nZDRTcTJpQ21XbEdEY3pRZkJrOXRfQi1GY2NhblZsWGRidlR1bGdETmx5ai1WRVFqSC1SOGt0RWk2bDFVYVlaZmZ1SzFHRkVoMzVfRWhFbmxJVTNKVmZYNUx1VER6ajNfMzh2M3VJSnJoNE5DM0ZTeXFPS3lGUXA4NzQyalVuN1dmUnRySy1nZEFDTXBFbVBhTXFwRGNaREhBVXVnYjBMX0tfY2ViOV9uX3pWcTljdnNJc2cxTWJEN2ZLVUtmQlN3eDFzZUZyMXY5TlQ4a3lkeDBZOVpWaFpYUlNHMA?hl=en-IN&gl=IN&ceid=IN%3Aen
Mohammed Shami Provides Update on his Availability for IND vs AUS Test Series,https://news.google.com/read/CBMixwFBVV95cUxNRTlPdnNCMGM0OHpYbXY2WkFtVWRJcTVMMHFkTjdYUUhSdHJ5eW5JbEhfRUZ3a01odG93TUNscWw2VlBINzFiNTNkUWF2d3hHTG9mRG55UHVBWEVvNXNVbks3TXpCWEppenRxNFFyTUlnZHYyV2tncFZZeGNCdmppdXI2OGszTDgyNEVISnB6a3AxOWJXZXhhLXJHVk1IV200NTJkdWJSWDZONXUtSk84aWt4ZkZtUGpqekViNEhVcUFoVVRDUjJR0gHMAUFVX3lxTE1DNXdYTDlhcERnSDNDeVRTRXpoQWJpUDFFNWI4bEtUNHphWGw4VlVnd1BtQl9OQmxuejBhcFRVX3JoUU0wUXpaVVJaWkQ2VHIwaGhzUGdjazZBUTAzMzM5eUdudm54eGd0QUpfdEZxWVBHQmQ4VnNXaXNQQUxYS1hVc2hRY2NJbUMxaWJFTm5XempUSUUwZXdSRzJzUENuTFdPYkhCbnA3WHRxQ0UxOFFTdzZ4RjVqOXBlcE5fX3ZEemo0ZWY5ang5ZFZpZw?hl=en-IN&gl=IN&ceid=IN%3Aen
Kane Williamson Ruled Out of Second Test Against India Due To Fitness Related Issues,https://news.google.com/read/CBMi0AFBVV95cUxNT0tmREJjcVZJVi0yM3M0ZkxQWEtVTkJjLVdTUmJramxpb1hJVDhtU3N4eVFHTmZrdmRaLVU3allLd21icVA2a3dBbFRsUVhyQTFUbHNseWpsdkwzS1JIcXQyeFZvaE05WjRCQUg1VldLQzBlTmFqR053TUQ2VzF4a1QzR0dFbXhFWks2d1p3bTFZTUhDYWVTa05SeXFQWlY3X1gydkNQVk8wbVNVYjNuczRKS254VlRBbjBrNEVxSkRiNHpETkljbE5MVlJyMENO0gHWAUFVX3lxTE0ycEQyVkh4UTBaNVFwZ1BBbzFBMzlUYmI0TEVSRjNmeElTYXBsZWlYYjJyeXk3VWNPcXdQYkZNQm9YMGVPREFnMWxWaFNnMkJCNEdOWmNFQlZhdTFBODBBeGxuN2F0MzJ0X2kwZGprcENlMWdkanpycmZQM0k1U0JESEpoX1ZEUjJMbkd5bGpWR25tTnNTckpTNUl6d3pQT1NNSmp6WFdXNnluYzA1NzV4VnNTYnpkeHZzT0d1Z1pmMTBPb256SmhhNG8yTmtuTFE1ZTZkTkE?hl=en-IN&gl=IN&ceid=IN%3Aen
'I'm Always Available': David Warner Willing to Come Out of Test Retirement to Fill Australia's Opener Slot,https://news.google.com/read/CBMi8wFBVV95cUxQM1JPUFNrcnI0SUV0VW5JVUxMYXQwNXBkb1hNcFpYM3MxT1BQVGdJd2hwQlVfQUhGbFhMVVpmaldRTkJ3WGZvbnpzc2gxUWhyQkJGWDJlSTVramFqbVBkVGowcHRpVmpzUUQ4cHQxQjFBWU41QU5Iei1aUnZLb0RHejdyemJDYnVGcWRtR1Y2SFNqMTh4czNCRjBTS2ctNUstRkdBbFhza3luSC13S21rZ0tpVG9MUXptSGpBbkxzYWpoeVFkd3RuSjdCVGNiekk1QjA0NHBxdUl6RGZ4bnk2MHBDRzNOd1N6LXdZRHA0QmR2Vk3SAfgBQVVfeXFMTjdFN2NiXzEwdDBXNFA0VzE1dmRET09FWWJZVTVqa1JjeWRQNnI4ekVJVDY3YnA4Ulc1YnVra1czSHVYYkFIa1hZUnpVbDFnR0Z2UmtJUVZDSTk4WlVFY2I1QU1BZWxFbUdBR0lUQW1scTBLSllIazU3dFhqNmNzMGIteXRiNDNZVDlwblp0YzRMZTJZNUhvV1dILVJfcmxFaEw0enJfTHdPMXhEY1BiU0dBaFh6RmFldnF4T0dCb2M4TFNfZ3JRNTh6VC1jVk4wYW4xcXJpYVktNi1FOEttaHduNWJWZnUzQkxMN0ROXzc0QjR1V1NNM04?hl=en-IN&gl=IN&ceid=IN%3Aen
Ryan ten Doeschate Gives Fitness Update on Rishabh Pant and Shubman Gill for Pune Test,https://news.google.com/read/CBMixgFBVV95cUxPcXNMQmFCLURNUmszOFg1Q3hnRGFYM0ZFSHFHVHpyY28tNTlYTFBOWnJvdjAyNUVXVS1YRlAxejJMT0FxNzFsY2pORWtGVERQemxFeXUySHBUUzRhVGI3NXpQc0NUbGpMQzB2ektfbG9QWFhQc2JKVk1hSVJHWG5peEdGd3JfdEVMWXI4dy1nLXR1dU5hdm14Y1J6d1VrNDBYMk5GVXExZHl6YW52S2c3cnpCa0pGQU94akFSaDh3ai1FY1FsR2fSAcsBQVVfeXFMUFBoU2tBU09scmFGYkpLZWxlUDhfaENLOTh6ck1PMi1famZnNnhBOXFvMllFeTg4d1FqWUt6ZjhBZm5jNWNMTmp5dVVMdFdTQ3M1Sy12azZJd3owVGNMdXdtVTJHVHZGU1JUV3hCeUNfRE9BckFPaU9VME5iRG9VRFQ5UW1sNzBJQU5vZ1dkcDVWbWU3SmtNdU1qemhWMVFPT2VzbDdhTXhWbjVrcktiSk5WQS05V2hJUnM1TlNuOTJEbXgyV01Ka00wSlE?hl=en-IN&gl=IN&ceid=IN%3Aen
"New Zealand Must Adapt Quickly, Says Daryl Mitchell as Spin-friendly Surface Beckons at Pune",https://news.google.com/read/CBMi0AFBVV95cUxOYWhpOWQzMGJmUTFkWEN4VmtnVTlBSlpWOTBaalExWWg3SDV4QXBweEliemZabWphX1VJUTJYRXhHdDRtT3dCOVZpbVVueXNWTXlCeFBJb0Y4engyMUxoU2VRdzMwcHp5MnJMUVJhc3M3d21ydlRzUmxwSXVXLTBmb1RSVTY0QS1hWTNNQl9KQmVGSkJNTVh3NDZIdXU2ampNTmxsY19vdHVJblNJLXZfOU41akRxOGxKUXM2cWtOZEY3bWN3by1FekhUVjY4WFZu0gHWAUFVX3lxTE11dldvQmhCd192cVRfcVJUbnd3VkN2YWt2VGxfS3ZTQ1VkREw3VkpITGVPdmpLREhFT2FrRlV5NVFPR0NSWEQxdlpsWk54RFZpZ2NXNU1OQ3lxZ3RFQlVkV05uM2VzWUMzVUU2eDZkUF9HZl95eVVBQy15WUMwaW1GSmh5TGVWVDJaZXA5SUdpRzh4N3VnZERmVUpwU2RZejFpcFgwTnlLQ0Q2elY3aGN0SmlNMHY0Wnc2RUNJQjhEd2RRc3otTm4wbTY4eG1fQzIxTzVxanc?hl=en-IN&gl=IN&ceid=IN%3Aen
Australia Skipper Pat Cummins Deems Rishabh Pant as India's 'X-factor' for Border-Gavaskar Trophy,https://news.google.com/read/CBMixgFBVV95cUxPMTJRU1BIRC04NkRVSW0zcUNSdWtfUzhpYk5HS1dFLVBGZGc2cEhOZUFoeW5LaENHZWcwQTlQYUh6SXRvOHlRN3A1RjVXM2RfYi1YUF9ZM3c4NnNMWlpiM1NHanVHVlNnM1c5Y3VId3FHYmpxWGp4SjlnWFY0SWJRclUzb3dZWXNPMXNDNE1UYzJwT1VaQXVpR3FmT2lnSjI0UE5tc1JBcEpLM3ltV1NLZ3ZoSGx0R3IyWEFoODEyVmtGcmpTdFHSAcsBQVVfeXFMTlVTY29TdEc4eXRKMGF2TWtuM2pIRWVwRTRyaG1CSE5Qcjk3SENnRlNzYUVaem1kVWZlYTJYNTZpVjF2RXMxdEdjaTFCNXpQLXNHWGlZeTFjckRXZmpYT2t5d3NwT0xLNi14WFhhVFVjRmJRc0VId3NjU0wtU3ltSkN4RWlmc3k0clRYRm1xazR6VzEyRjk3MXp4cVNWNXZqd0dMU0JLNE9rWFRwWXJ4X1ZQVEQwWTBTaEdab2R0RkdXaVhmdzJfeWRpN3c?hl=en-IN&gl=IN&ceid=IN%3Aen
'Main Bolta Nahi Hoon Itna But…': Sanju Samson Opens About His Dream Of Playing Test Cricket For India,https://news.google.com/read/CBMi2gFBVV95cUxPcHFQbHhfaE9pV1VhMXRrbW1nNm5UMnZXQktDWWdqU2JkS1RKU0V3OW1BMVBvdmVtRWJqN2RnZXk0TWtuM2I2Z2E0dUR5LXBEZlRsdllQdXl4cTZhRDE5akw1NWlMUk1fTWlBX29Na25ua1l5SjBpT3B3elk3Tld1TEJMZjFRenFacjU3dU5oemF2VFNWRXNvT0dXdU5kZ0h3Mmk5cVBZYVVBMVY5anNQQ3ladWFvTktzaFVxWHRwZFNJX05selZic2pHLXdpLVJ6MUtXbEY5ZE44Z9IB3wFBVV95cUxNd2h0NEUxamYxc0VYQ0s0Nk85UFBqdWFKZWNsb2xIRm5HZnN3anZmYWxHV1lHdkV1WG5MVk45MnRkdDBMTXdSYWpsWFJqNnJiTkVZRVg3Rk1BOUZMTm1peXhwalJ6Ni1kOURkVnY3WG5DOFIxN2FKWWtWaXJzaUpteDJKZ2RoMWdHWnE0VTkxcFJHa01xNTVlWjR0S1BOSzBoUXloaU9oY05MMjhkQUNzeHBXTTNRY09MSUhzbHZkVXEwMlUwZk12WjhLR01GdGlhZXJRVndEY0hKZWZLZlRj?hl=en-IN&gl=IN&ceid=IN%3Aen
Sign in,https://accounts.google.com/ServiceLogin?passive=1209600&continue=https://news.google.com/search?q%3Drape%2Bindia%2Bsite:news18.com%2Bwhen:1d%26hl%3Den-IN%26gl%3DIN%26ceid%3DIN:en&followup=https://news.google.com/search?q%3Drape%2Bindia%2Bsite:news18.com%2Bwhen:1d%26hl%3Den-IN%26gl%3DIN%26ceid%3DIN:en&hl=en-IN&ec=GAZAqgM
Headmaster Booked for Attempting to Rape Minor Girl in Bihar School,https://news.google.com/read/CBMivAFBVV95cUxNdG5GcDQwd0NtTnpKSWV6bHU1dGcxLUlKc1RnV0pNYUxhWXJCUDh2OE1LOGQyMkFOQXk2S0R5TWNsV0hGVlpwbm83Z1UzVEhJLUdjTG9oMUY3SkRhTzdxX2lDbVkyem5OcHN1bWZEdVR5dlFrQzV2WE1IZmxyZ3YxLXMwZld4VUdIT08takloaDdRTGNEdEJGTE1fQlEtSEhmTmNKNDdhdVZMQ25qU2xzZjdtMlNfbjU2WHUwadIBwgFBVV95cUxQb3VGS1N0SUxTU2xFRVl4Z0RaaEdZemFVaTJ6TXJHTndBRDlqdDZiWEd6eHQ0ZDhkR0NzdVh3Q0FTOUlOOTRKMnpFU0V1UVJ6cE1JTnRTQjRuY1dzNno2c1pQSHg2dFVTMXJVLUFmYmQzLTRVYldrMTBjUV8tdjA2eUJiQndpakZuZ0MySV9qTF9JNkkwZTJSX2RBSFlXV19mOXdCSDQzM2NvR1Q1LTM2OHROSlVuajVrcUJSUV81aU1SUQ?hl=en-IN&gl=IN&ceid=IN%3Aen
Kanpur Constable On Her Way Home To Celebrate Karva Chauth Raped By Neighbour After Being Offered Lift,https://news.google.com/read/CBMi3wFBVV95cUxNNXBHX1RCVXR3QnNIcTFENXdpYkxwd3hBaHFjbHRUN1BZVFVveVI5R1pIMV9RdXdvdTNQTnBYVGNTV2o1ZmpKTnYtd183bjVRZFpGZV9FbXNXYVUwNndmZW5fWVZDSzZmVER2SXprTjZnalhaY3p1WngweDJYRWVpRDM5a3c4ektGaHV6SkxzMTItblNhci1SNlRpZ0NlWEZjQWppZEhfNm1oaUstTjN2YlR2dDNZa0RMdmJxaVNOQkRCRFl0OGFrZm5uNVM1VDRYdWt4Rm1EUHVndnFyMEtz0gHkAUFVX3lxTE9Sem5Kd3A3UEpZZ2JjTmI1ZUVUdUxIUTRkbzJEZ1Z1MXdYOU1zTThjb0tXVWgyajk2TWwybXpGaGhkd3BVU1FNRHlzT0s2dk1sbHJUTTRsZWZlOWotWEdqc2ZMLXF2bldyS2NKNlA3VzFacVA1WjlMRkJmRzV3aS1acDJ6R1BRRnZDMmd4b0pCcDhCRFFBd205aGpadWV1RDA2VF96aE9KbFFvbGxiNzZmeDRaa0FUekpxWUFWMFJ5SlE0cUpiSjNtanc1elUyc2huWlBJTG9FUEktOWYzV2lWemgtVA?hl=en-IN&gl=IN&ceid=IN%3Aen
"P Diddy Lands in More Trouble: Sean Combs Faces 7 New Lawsuits, Accused of Raping Teenage Girl",https://news.google.com/read/CBMi0AFBVV95cUxOandQMDJuMEt3eWxzMk5vdlVXWkZiZkxPUkl0RGl1V01LLU1oSWVhU2l3TV8waGVmMDFCeEpybnZYSFZmVzBLUFlacUwtMTlFNVhkQjhCdXI1T3BxaVFVRlRJZU91WXZUS3dzTnlMTFpnUjRzSEJDSGJPVjYyZzFuQ0VIN1NFY2l5UG40UlVSeGpPTk84VUFKb2hZT2p3XzdpUTNVU2RDbEhOcTJJLU1sbFlPejhPTkdZaEJrTThweV9uNDFiWTBTNzlWbXg4ZFU30gHWAUFVX3lxTE04dHRmVHRkYnV2S1o1NTBQbDhBQ0xDZi05RjV1QlJ1dXZySlFCTnhnd1ZWMnZQdWplbUxxXzVDZDhUU2VpTENMZzc3ZTZ4TUNJVnd2Y1NsbVRfamtFdEJRVDRrM3dZd0Z2UnFLVXB6STNWUXJlWnd3VmN5S0djeVI3bkVTU3l2NFd6YlUxSHFvNmstUVE5QjhaM2VSWERsaFpjeHRtdWpwbDdHc1U1cHdZTTVoSnpVWVM0TzI2UVJ1eXdnWjVEUExCaWkyVTFTb2hrdjRoNXc?hl=en-IN&gl=IN&ceid=IN%3Aen
India News,https://news.google.com/read/CBMiQ0FVX3lxTFBqZ2FUX0ZwTjV0dHJsWTRsel9waGU0RWdWc3RER2g5OFZDRks1MHF1V01mbGxsVExDLXZkVm5lenpFTUU?hl=en-IN&gl=IN&ceid=IN%3Aen
"Kolkata Doctors End Hunger Strike After Appeal By RG Kar Victim’s Parents, Meeting With Mamata",https://news.google.com/read/CBMizwFBVV95cUxOMklzQ3VNMlYzNnVYZjdxdjN5RWk1V3VXd0lGTlVvVEcwaWhPOTdiYU1VNVczTjhhcGh6Sm1iVU1OTF9faWRhd3RzRTgwMzNFMjBVNE0yOU5Jbjh4c3NJaWk1MTdtbW90U3I4QV9aV3JaNE9sd1RYaUVUZ1B5cGRSV05kb1I2bDBtNm91Vnp5akFWMjlNQmVaTkw0X1lwbXZBVkJYdTZmZFFMNWVGZGVXSmlleUdmUXh4QkZZaFY4ejZVbURtV2RSTC1JelZlNTDSAdQBQVVfeXFMTWZ3NjJrY01wa3EtUm9Sa3NlY25YZ2tDOEJvRGNRWWFSSzVDXzlxRmlpZktEZVF6WGJBckJPcGZkVW9MVjUxTzRXVGhmeHBOVHd3MEJUT1dnS2tfNzEyNU9pTEZEQTY3U0JTZEJDekZJTVhNRjA3dTBBYWUyZDBqOHhKWXcwSFUxQzB2NmtTcHZ3eW1HUl82TXZYWjE0U214UGR5aWQtSnd0cUhjWVp5akVtYmJqeHVSQnpQeHJmVi1Sem9hQzlXM0Q3Ulplc2hzYTJwMVU?hl=en-IN&gl=IN&ceid=IN%3Aen
Former Hollywood Producer Harvey Weinstein Diagnosed With Bone Marrow Cancer: US Media,https://news.google.com/read/CBMiugFBVV95cUxOUWJvVW83bGN1U2Qyd3hFdHktWDZyTDM4UkwzOFlib3pRdm16SURfNW1oeFF1RDFqUGNOOXE5N2NGZDVWMU5TSjUtSTdJeVlTVDZEUnVEVDdCWklSSzRHRVpLVEU3TzVDdjcySkFCQjRYTXlfbW1XcmVhTWJ4M0hYeXRmb3lwaHJHSEZkc3p5aUw5cU1CMFNHQ0xLME5FSWRyUFVRbHNscFBlTHJkLTVNWFFqMDZ0M3JadlHSAb8BQVVfeXFMTkVwbllOQjJqcHg2dWlZSEVZeWdFRUw4ZWpqbjdkUktVOWs0T0pFX2x0ZEoxOGFoLTROUDA2QzB3QjVNVWxxOXpqY2ZaN096NXAtZGtmRkM5UkZHSnI3bUp4SWNQcGxaM29Ea3hnZjZmcnNZZ2tYR0FtazhWSTF0Z2w0Q21ULWR4N3NiRFQtaUd2RzlCMGdoVk5LN25hOFZRZHFmOFIxbzEzakxHU2I4WG9YbjdKeGNhODk0bFFyU2M?hl=en-IN&gl=IN&ceid=IN%3Aen
Uproar in Bihar After Health Minister Wears 'Shoe Cover' on Head at Begusarai Hospital,https://news.google.com/read/CBMixAFBVV95cUxORGJfdGxLZ3R2RVFMcnU0c1ZLdERCdTRIRXcyWVZ4LWoycnVTOUFwMG1QVTQxR1FRNFdaYTdtVE42WmtIMFBUZnpVamNBX21PcDFVcURsNW5WYTlSOWlxMEhDTmsyM2h6TktIclQxaFNBeVViWEtaUVdWNnN5dUFPbGprZVhldXFOWEtfd3FHaG1CXzVtLXpMd0dFZHlCMGR5VldsbWkzUWZELUUwbnFOdmlzUmtkUGJKMVI1M3h6b0lBam1o0gHKAUFVX3lxTE1IQnVVQ0ZZWWlGNzRtb1lpem0zSVlxX0s5S1cyVG1hbXRlRU5IcXl5T3pmcVJyeVYydHdueWE2bE9TNS1nUnJ4UllBVmhzV2JlLW9QT1dtYWVaVm5GR09DNTJsMFY0bG9aakhnc2d1NUg5T3FKczJSY21aWFlHcExUOVNmbzR1U1QtZUlsTUtqcjZhb2hPQ1NLd3NYQzVMeXhiOThuVGVCdllPcm80TmJBZGVxYXR3Nm1odmNwYzhNS2h3MERaLTNuZnc?hl=en-IN&gl=IN&ceid=IN%3Aen
Bihar Police Arrest Disabled Man for Smuggling Liquor in Prosthetic Leg,https://news.google.com/read/CBMiswFBVV95cUxPeF80Y3hLbjRmRFl4YUprV3hieTA4akNTTXB2a1Q5bWtfenBIOFR2dGJXSUpfMU5xa09FOWlNWGhKXzllTnZIc1owTk02cWNYN1hzTDF2Y2M0UDd2NHA0SDFNeU92V09SUGcyNERnMTd5UTRNekNZeEJxc0lGQ3lJZnI3NzhkMkdZOU8xdHRZbmR4UUViRk1DTzFKWXVocmNSMkZwWUtxTHFOaWxrY1EtMTBJa9IBuAFBVV95cUxPOVYzMHNJNDVhVk9xU3hXb0tIQ0lHVjNfWk9vX2NNU3JMWU5aSTJ5MjBUU0JOeWZlWFRrREdiLTZMZF9GbWZLUjRfcm1hOGVrZ3lzTWdwam9wM1RMN0twOHNydWNTMUpYYms5aXRiRFAzWjB5TVUxY3ZiNXEtR3p2REdpX0FqcHRuWmhUNGVtdkJkaHQyRjlvLXpFM1A3SkxDRW9xUUxWYlZJYld4dHZadV9PZUoxekw4?hl=en-IN&gl=IN&ceid=IN%3Aen
Over 32.5% Indian College Students Are 'Nascent Entrepreneurs': Report,https://news.google.com/read/CBMiuwFBVV95cUxNaE9URUxGbm5vNHhPemNuS0VQemlFbDI0VGNIM0NZaFR5LU1aQXVXaWZRUGtvWG1Vc0lsUnpvcjEwMFlxYldIWDVKVm9YRnNteWJJX2V1TV9VZHlGY05IYWhVaEZPT2FwTG5BMC1nUXduSzVyUS1CYk0wU2hzV2p2ZUhXVlNyeWtXNVFnUzR6cGNhTHFVNTMzd0plNm0wMjNTbmUwbVBOLU1qVzhOeWxkVDhOYkpLUXhrcF9J0gHAAUFVX3lxTE5kYzVpVHlWUEd3MHVHSTIxRGE5MjVjWGtQSFlrY0Qxc0ctSUlaZndSeElrU2N6TDdMS3hmQWlManVkT2I1SjJCNDVFU0p1NE8wMTJXektXMjgzMkFwUV9FbWVNeEdycmMxejROQjlVSXNUWDhpQ0NYU3h5ZWFrblRtUG9nZk1vaTdxY1JCZFhReGoyUnY0cnRYbjd1YjlFbFlhMWUtbVcwcjdONlZvUThSakZSUDhRLUxFQ2QydWdLYQ?hl=en-IN&gl=IN&ceid=IN%3Aen
21-Year-Old Man Killed After Speeding Vehicle Hits His Scooter In Thane; Driver Flees Spot,https://news.google.com/read/CBMixgFBVV95cUxPYWlvdjhwOF9xRGFheEVTVDFVM1hXTV85VlotZ0ZjU01PLUtWQlJmcWhRdDIxMnFCZ2NXLWU0enBBUWllQ1ZQVzdWelhrTlVPNFJGSzNlZkZMNzR2ajRKRWE1Y0gycjgzREZKQmh4QmN3ejBOS0FmZ1BMVnpqQUFPU19QUU9VT29SNU1sMTYxbWowaHk2UGxHU2RjQnA2N05RYVh4VC1BS0llQjdwQVJMQTlaWkhacEJudExxczdrendZZ01sX3fSAcsBQVVfeXFMTThhYmVtYXl0YWlHcXlUUU02aDF1LV9PZnQ4Q1o1aWlqc1JEUnU5QTRoekdMbEZUOUxhb3dpRVdPcDNaeGlOcWJqaWM0Zlp0WFJxSS1ITDNhbjRfSVcwMVVnMzZsajdmNnJfTjZ3djFtR0FOTEpYQm1QZUh0ZXNRT2JBRlhqYlZGNUxOR3Z1dWZUZm5UbW56c1F1SE9nSlUtRDRiakN0OUg2UlUxOW9IMFNTYjIwdEowbVVGcjFzTlprQWhsc21nd05Bdjg?hl=en-IN&gl=IN&ceid=IN%3Aen
Karnataka HC: No Bail For Prajwal Revanna; PIL Against Rahul Gandhi Over His Comments Against The Leader Di,https://news.google.com/read/CBMi6gFBVV95cUxNaDJHVUhZM2dESUgzTFFXb2hnQ1BvalBDemdrUmEycWVuQXdHRldZZDNjeDJkUE5fN2NvUF9BcTFNcVlxZHgzQUg1TUZySkk5dHFHSnljWThETTFxNk03RnBLOGFsaWVNcW4taURBMkFTQmVONG5tQm91VUdDX2VQOFBkNzlpZnl5TWNTTUdGUkY2aFBBdUhoWmkwQ2d5UTY1dWJkR3FwR0o5TkkzLXZKZ1ltWThuN0tzeVM1Vjl4MjNBSmhEajM3c3g2LTd0R0MtTjNkQ250M0U0bngzd2hNVDRZZWk5d21pSGfSAe8BQVVfeXFMT0w0NEthbFBrZG9UOU1NemVPUmpMSGdWNC1tWmJXVmg1bHA5QUhISl8zN0hOeHg0M0tpUXlLR2pRYXhhT290TnlWVWVVcGp1OG9VSnpJdGV3ajcycUZldHVqMDAtSldwSUxvNnNnV2ZjZ3pESF9FSHFiUlRJSnVPeU80bjB6TFFQSlpjby1UYjc2RVZac1FkNXVobGtnRHJ5NnBtMGhlX25yczZSLXlqX21MbkdkeTBERHdFejE2b0RfR3ItNnAyWnhsMjB1SEhOZFIxdFJfcjgtaUxYMWhoUTVyZUhYTC16UEFhNnVOeFU?hl=en-IN&gl=IN&ceid=IN%3Aen
"UP Woman Keeps Karva Chauth Fast For Husband’s Long Life, Then Kills Him",https://news.google.com/read/CBMiwAFBVV95cUxNNlVnOEgwM2RCTVJjVXUtcFFaaGw3dGhfQ0Rlc2hQeWxWTzBrQjRFeTIxbnJkNHJVeG5HMjZOaTBsTmdIbDdGcUxrRmg1Y0RfYk9aM0s5MUZQeGxTb0ttaE1VRHFRZmx3WkhHRktTNUhvQm96MVNXZGdONGRuMkg2cnZBLXJwczdBZl9XVXZsQmdwUmVoQl9UaDQzYkt1UE9JMGQ3MUN5WnJPQUR6SG1PMzF1MjJmalE3TFZhQzBvNmrSAcYBQVVfeXFMT0w1UlUwamxvQmhmMDZ2SnQyTGw3S1QzQUUwVENaMURWTUtDQ2RrS0NZMzlESXBRckw2eWxHSEhFWHhGSkotVmJmWFA4S1BMMDRQZFJ5N01yS3BKdUo1QTFQb1NRNjFKcHZnT1BLemNXZE9MMzUyZWJGTlZHSFB5alZRMUJvVVFYSlRnMnpCdWdNNUsyU1kwMVJVSXlxOFFpSHFKb3RVQ2NtT3dNVld6VzFzUXB2bWNLRUt0a05ZaGJrY2VqRF93?hl=en-IN&gl=IN&ceid=IN%3Aen
"Latest News Videos: News Clips Of Entertainment, Politics, Cricket, Tech",https://news.google.com/read/CBMiREFVX3lxTE5WMS1zcng1MnRZZE8wQXdkLW16SmJUZmFXdGd0STdVT0hRYjJBMFY0cnpjc1F6clIzXzRBcW1yTUQ0XzJR?hl=en-IN&gl=IN&ceid=IN%3Aen
"IIM Calcutta, TalentSprint Launches Executive Programme In Corporate Sustainability",https://news.google.com/read/CBMi0AFBVV95cUxPVFRKdjVEMGNXZzAtWWVsWVIwNmZJR0lTcXlIZzFMT21QTkhUYnF2cGZzZVdHYjZFTmFZZUtJOTlXYVpFTXRJMjY1N3VRN3NaNW9RUEgxVmpGYk5jY2JQZVVYaWlybXRaMEg1STRUNFd4OU9kRGFCTVduYV9CRE54VFYzSzYtMHF6WkE2VnlEdURKTGRQRXpveDJzbFRzTGZaMmFUQ2JxaTVqOXZYUnhwTU5iVlpURDFwT3lFNnNIRnI3ZGpjSm4tRGdqekZDc1Nx0gHWAUFVX3lxTE5IcUpIZDlLUElQVWt6aTllWTB0MHRQNVVoVlliVk45MHFqaUJOdHNhNnhJS21WNGRuYkJGRlpDY0hqekZxd2Q3emVFc3NNU252ZHRaU2Y0b1doTmRPeEpXVlRPMi0wNmFVY19BbjVKUHl1eVFjalY3bXZQaVVrSEZva0x0b1Vwd0plSE5DeTZJZG5ZQzJWRk1xWE5ncmtsWlNNZTA0MG9QOGJNcTAweEpVQm1pNzAtNk92S2p2MEd3aU5MYUQyNXhJd0JmMTE5N0FEVFpodXc?hl=en-IN&gl=IN&ceid=IN%3Aen
Sign in,https://accounts.google.com/ServiceLogin?passive=1209600&continue=https://news.google.com/search?q%3Dterror%2Bindia%2Bsite:news18.com%2Bwhen:1d%26hl%3Den-IN%26gl%3DIN%26ceid%3DIN:en&followup=https://news.google.com/search?q%3Dterror%2Bindia%2Bsite:news18.com%2Bwhen:1d%26hl%3Den-IN%26gl%3DIN%26ceid%3DIN:en&hl=en-IN&ec=GAZAqgM
Do Not Fly From November 19': Khalistani Terrorist Pannun Issues Threat To Air India Passengers,https://news.google.com/read/CBMi1wFBVV95cUxNYVd6bmhGYzd3VDZ5MUY5S0hoTnJybnNkRjR5UDVQTGNrcTlMdUxFUmU5RElfWjBSRjRsTVF0SnhvSDZoenVIZ25tSVUybk1RSHQ0aWRQdzl3YW04NVZvTHRGT1V3LW9aUU1lZ1p5eldOV3QydzlfemR5SktQV2tKbzR0eklBNVhUb2x1UW55c1pvak1wRllJRVVjcUgyVXBDU1AtemZ5cTQ5UExvZGwwa2hpZUVqTkxzU1dMU0djdFJqdHlsam9GLXJvQjFGSnVvTzRNQXNwNA?hl=en-IN&gl=IN&ceid=IN%3Aen
'Exodus of Migrant Labourers will Send Bad Message': Mehbooba Mufti on J-K Terror Attack:,https://news.google.com/read/CBMixgFBVV95cUxOMW1IMUdpaG85ODJ0LVN6bUVOY09QOUkzeGRzTWRiTXR4STBwMDhsNHlsMWZsZV9FdFFTQmZrcW9rWk41eno4MmZwWlJaSWxSZ2N0dTFfb3hlYVVkcWswbHo3UHpoZFVZV2lnN1l2WVRZcFB3eHRqeDg2bW91ODk2THlDRnZXMGRoYTlPUUZHdlZOUFoyNFRsNkVGblZyR3poTEV6MHdLdkpSeGJXd0Z2QXBWeFVMVkhMOXh3MmhLWFVrMFA5cWfSAcsBQVVfeXFMUHhMcUNMeEsyYm5WbjdXNmU2QzUydkxQSTFtTFNrV1cwLTdLU0JpSUw5QkR6LWh3aVBDLVFkNS1HdU02dkplalJjdm5sVHlxTlZwN0JQWHFJTmpkWk1IZEMyc0ZxZEMtRVFaNllNU29xM0N0X1A0NmllZmFTdklJMFlncE8wbjhiTGw4SEttTHhGNThyZjhyUkNXV0NxZzhlUlZ5UHNTTFhQSmdqQ191a1ZjRno5SFc5Wmhuck1LOV92a2VrYW9LVDFOM2M?hl=en-IN&gl=IN&ceid=IN%3Aen
'Will Continue Campaigning For Khalistani Referendum': Terrorist Pannun To Canadian Media,https://news.google.com/read/CBMi_AFBVV95cUxNMHhYZll3OGJLZ1NBNjllcUl4MDhPLTh6bnFrREFpTnZnbzhVX25ydmFmalByWFdJWEdfcUQ4U3JROFFMOF8wZHJBTFRFdU9jcFJRYkxvRl9qRFZWOHd5dlpVQjREanZEeW1pSjN0ZG0wTlkzTU5hcVhvd015QW1YY2VmRHBlcW9nYTh3NzdkQkZmeGl2Qnh4VDVpYjhGMWg4U2ZIUTdkdVc5Z3Nsa2l3U19RLUFsU2NEcXJ5V0RmZ2h1OFktUFY3V29FdUNpc1NkeEhrTmpwa0JyQlBUUzk2Mnc0QVBxS3R2SFRXaEFNcmR1dXZrdjJIYnRHN0PSAYICQVVfeXFMUElad1BCcl9xOTRHSlo1angxZFZYQlQxTGtnMmR0QVZUdnYtYkVzaUNCTGVaTi12eVByZkdxV3ZDWF9TS0Z1b3E2NTU2YXpnM042WGNSbXBuWEt6MFJWUW9IcG9JU21CSjMxck5BRHh4ejJ6Ti1PckRETkhJbWhEdm94MmlFU0l0MzdXNk5mWjBDVnpMY3dNOGpEcnhLTFRUek1aLTNsYVFBb0NIY3BYaUU1MG1aa083QXVPQmZ0TGxYdzFFX1lxdjhEQ2Z2a1lNMlMtMkJOZTVqQzdKT3BuZnhtTmVEMzd5eXRaYjlFUGZLM2FvQlVhYm52WG9CU0hTVHVR?hl=en-IN&gl=IN&ceid=IN%3Aen
"Security Beefed Up at J&K's Infra Projects After Terror Attack, Sites With More Labourers to See Stricter M",https://news.google.com/read/CBMi6AFBVV95cUxOXzd5NTctVDkydEw1Mm5rWV9hNFowdkhFd1dPZlNIYVgyVFBaakhiZExfSFVqek1fZlg4d01Dc3VnY2pDTXN6OEJuS0ttTlpiVXB5VFowbVFEQ0MxT0ozVVo2S20zUDJYY1dMTjJSVm9nNjd3UHNfb041bkRaOHI0d1YzSHZITzhxb1U1NWJBY3hkZ1pHTjJBRTVnaVRLWThLelBSci0tLUlBNVhtYWpYNXJjTGVlMlZDNEZEcTZFbGFZcEx6dmhRTlJvUjQ2MFd6M2U5ZlVqZGNPU1BuYW95TkZNb1dpelN30gHuAUFVX3lxTE51cGR4RF9WUTFEc1BaVTBzazlNRnRrMTctaFo0a0NUU2JBQ0Zqbl9xNjBUbGtHZGNrQjRqYmZ6Q0Q2bTJudmdUQzBiRlNpbVdkUy1SdUwtXzBMbUwxZmVnd1hEMF81OUtGenNBa2ZNMnJJN1FIUVZIdXZ0bWNFUkJjZTg4WVZ2R1FNTlpfWm42dHd3dUhRRXlsSnVlS3g2T0M5ZU1LY3A4MmdnYXJFSGdBb3RLSUNuUVFtQTRSNm1rWFJ1OU02UlRmbExrYUEtRDVsT3ZKMHZDeEo4NXJCX1RjU0lqbDRVb2ptTzNYa2c?hl=en-IN&gl=IN&ceid=IN%3Aen
Lashkar-e-Taiba Offshoot's Recruitment Module Dismantled In J&K After Raids At Multiple Locations,https://news.google.com/read/CBMi9AFBVV95cUxNcC1JbDk3dHdxbDAyS1Z4aFduZkpKSWZFdWNIUWRMWGYySHdSdlV4Z2Q0aS1hYVNCeEZKeERlcHVoNFI2a1A4TWdzLTFpZWtnQ1Q2SW1LTlNRZ2hMdEE0c1EtZmFndzVXRVFrVFE1Y0VQSWNmZVl4azF5dXhsZk1CU2U3ZWxtNTFieXhKT3M4YlJRU0RpZDdCcXk2NE0tQnVtWkNXTUxVQ1RGRmo1NnZ0bWxBSHVTeUQway1tdzNVd0d5S3VSUnJPRFBDQW1fMDhjM3dWYlVMT0dGeFhsTlF3UDFIUjN2V1BKcjJlQ1dKZ3owdU9Z0gH6AUFVX3lxTE5qRWhvVW94c1ZrVTJsc3RyckNhTHphTFhaUnhXQTNJalpkS2ZJRHhhdWJYZzJqMGNBN1l2RWtxYzBMYTltNy1QUW1WcEthN0JlSlBxVlZYVlZJb1FvVGdpSWdUcTNBOHFLcGVTSWNvRHRhN09ZTkQ0TWx5N0pMSF9wRzVmV2RfR1E1aWUzb0dxSWNGSTIyYkxTOWJOYWV4d3pUM0gwMl9IQzBkdHJITE9WYThDZ3FVVlNJOUYyeWZETXJjekhmeG5HTHhHVDhpLVlJX3dvNnYwOFpEbGQ4dEkydnVhcXZjZkdqdzhobUY3VFJOS3ZsYzZab2c?hl=en-IN&gl=IN&ceid=IN%3Aen
‘Ganderbal Terror Attack Aimed At Jammu And Kashmir’s Infrastructure Development’: Exclusive From Intel Sou,https://news.google.com/read/CBMi0wFBVV95cUxPc0dzdnZEMGN1S21neFAta1ptUHFqdXF0Q2RrOUhTeWd6V2ZQcDhndkxVUU1qVURoSzAzbWhSXzFpRDV5TTdYNEVfMGg3WHByM0tvZmpnWnlxZ19NcnlrQjBCQ3RGREZXelNJUHVTcEJnVDlwWVpWR1B5SDFtdWhyRF8zanFRMzY4OTRrdGhLOXpqb2ZFcTlMMWFkQVZWMUZCY0VZb2V5WnZNNFlsMk9MQVQ4ZWVFYldFak85a0Zqejczd0l0UGd5bVMzakVHWS1uUTNB0gHYAUFVX3lxTE1EOFljM0U3TnJmdmplejdMeWRqckFEV1R6dEdIVXNaWVNmRDM5Z2toczZVSVNvZGJheC1BRDRRQlFVRzB1amt2R2VMMjFxSmpSRXZPanc4VlRMVGJZRWJ5aU5qQVM1SHJiVjB6X0oxQVFtMnlZRFFTU3BueFpNLTdSV0k1SlFOb1N6VDVRNE1za3lTYklmWGxvX2UwS0UtV19zVTU1bmJSWFZlQTA5RWJGWDlTaG43ODB6clhpV0hyNXRhOWlkSVlfSVRFb0lOUkc0WFdXQmtCcw?hl=en-IN&gl=IN&ceid=IN%3Aen
"Doctor, Migrant Workers Among 7 Killed By Terrorists In J&K's Ganderbal; CM Abdullah, Shah Condemn Attack",https://news.google.com/read/CBMiswFBVV95cUxPLVZJd19kUTNlNkFCV2tQX2k3bWt5NEs2QXhNVURsR0JidWplYy1IMkJQcUFMUVhFRE96bjIxUzFnbS1DN2V5MW9TcmRnQkVYTmpiVk52bl9qbUdmTmtnX2xodGs5dTBUUHk5YzNFOVhnSW45Mzl4aDMzRGhTXzdhYTJkbld5eWFGRGlEcng5X19GS2Q5bk00VWVUbGhmcGQwSUc0MkFTZE9hOTFHcmdILUplWdIBuAFBVV95cUxQamJqNkxYem9VamMzN2M4dGt5cmNKMk1KMDNCVkdveU5zTWFaSHdwMFQ3dzlGUnV6bVNxUjMwUUFua19mb1M3RndSclFOWURRdW9XZ05Vam9OcjlHQzkzWkJTMnA0NTc0Tm9iVXJKeEI3RTM4VWVid2VMaldiX2o2MlEyQk9uTVBSOWdEcmFVUHpScVlPZllxUk55S052OHc2NXduWkdGNGJHWFlWWlZieFRqakNMWWh2?hl=en-IN&gl=IN&ceid=IN%3Aen
6 Working On J&K’s Z-Morh Tunnel Killed In Ganderbal Terror Attack: Why The Infrastructure Project Matters,https://news.google.com/read/CBMi5AFBVV95cUxQdGFpZWlrLTNUR2UtNjByLUt5blJCUzVXTElSdjhya3hLdVdFRjF1c0VEUW5jTjJJb252MnpYd2RuZFRTTVhWOHpCXzFCRTNGSWFBazRCLU9ZSjBpdnE0NHZ3dmllaFRldlVLcldTZDNMdnNzNEZZMFhVdEYxclJUQ1l3MkExWXVkV3ZIb2cxeFdTQmxtVU5ZaGUzNmtQSHRWLUdjWklkeExMWkNwQXkzWFMyb0lJel9DZlAxM3poV2FNN2kxSnBOcVlUM1Vzb1g4Q0txSVlFY25qLUo4QmVEWnlrM2vSAeoBQVVfeXFMT3ZGV2ZOMDU2dnF5dmlCWldLcVpyRUxrVmMxSjZ4a0xGSm5CSjJEZndtMEF6aExsS1NFOXRlRUJyeTM1cEhKOExPamtkODdtd3R5em1rb3FZVVM5MkdVWWJmT0pxRUNBQUQtNVdPQ2Q4c3ZDTld0QjVhN0JGbFJCT2xiTVIwV0RabTFKMVcxWkFCNDZ4UVZHeDB6ay1taW9YejN4cWxaX2N1MHl2ZUk2d1BMYk9VMnpOZHQtVlJEcmxielJaUjUtX1ZOZ2dKU0c0V1ZHUEtuenE1bWRSWk8xZFlseEpSa1lzWUZ3?hl=en-IN&gl=IN&ceid=IN%3Aen
NIA Team Reaches Ganderbal; J&K L-G Manoj Sinha Says 'Brutal Attack Will Be Avenged',https://news.google.com/read/CBMi4gFBVV95cUxOTFZiNDVsbnVzbnZWOXllQ3lDZEl1bU84b3ZYc2tFN3hLRDMyWTR2dExNQXFZSUF0NENrOTZoNm9CMHhOa3MxdkZSTlpKWXNDMDJob0RpYUc5MmMxZ2w5dTVSYzlYeWk2b0lXdU40X2FZdXdCejE4Y3pseGE0OThESThGNEh0MXplR2hKSEFjbks5QkdVYW9MaTFBN3lUbWpKUUJFdktMbHk1RkNLZk5WN2hpdTU3RVdSWHFfbVo5WHhVZmp5VHkzcGF2ZEdoZ29NbG5TT3d5RUJkSWVDaTBBZGdR0gHnAUFVX3lxTFByR0xRUHBBM2YzcWluYVV2NnZsYWsweVFVd2VKdmtxbnRBVXBMM21zcUZnQUZXbmplSEZoVzgwZzFZYVUwdVRieFprZWQxMUY4MEs0eWlINDYyYzdzc3ExcXlWdHNJM2ZrMXhHdnZYaTZaZjhVZ3Zqc2Q3OU12aTlLc2JCUEhBR3FkNldtOVVjbEhxNkI5VkpvaDdNbWRsODg5X0JIRjJkTFhHQ2lJOGJKX2E2czdOSDg3WWxFd29fQThMVElHUXE1NmtSbXdGbTNERUc2TXV2ODl3SVJqQnRRRTdDUUp0VQ?hl=en-IN&gl=IN&ceid=IN%3Aen
"'Audacity Of Terrorists Won't Hamper Development': Rahul Gandhi Condemns J&K Terror Attack, PDP Seeks Answe",https://news.google.com/read/CBMixwFBVV95cUxQaGRBWEI0YU52NzRTS205emppMjlwV3JFZGtMcXNmbmJ4U3IyWVJWUVJMdWptcl9weldNbmNBQzh3bDN0aGtwbWZVWXI1dzY5ZWNRZXJlM2FudFc3TGRyeERDMFhUOVpXNmYwVjdhMF9vS1dnMnhmWTVXaVNkOWg0Z1RWek5kU1pEZk5zM3EzRmRxYnFGZjg1S0NXWk81SXZvWkJCVndjTXR3UjBMZ0xtaFU4WDRqd1MzYmR5MFlxQ2VPU3lhb3A40gHMAUFVX3lxTE1QMTVFMnVvTUJTcXRsaUxqaDNUakNWRXA5YlpEXzk5dld4ZWtCQnY1NXpTT0V4U0lXeFBlcnk2SUh6bGRpT01WcVpNdnlrdEVINlBtTFVKNnh1NDNPVWoxRnZVeTV5bXl1djBSd3ZxZmc4dDk4MjdST1B0WnJPTlNZRkV0amxMTVZKbXBqc0kzOTA3bFJ0MkIya0NJcGJmdlBVWk9aX0I1MVozV09FYXBCLVpoblRmTFhHYWpXbV9rWXQyWmJPRzFtV2JzTg?hl=en-IN&gl=IN&ceid=IN%3Aen
'Militants Are Back': Omar Abdullah Faces Ire For Not Calling Ganderbal Attackers 'Terrorists',https://news.google.com/read/CBMi7wFBVV95cUxNX184elAwd25zSEFVbHk4WEszZXZSR01zY0tZLUJzSkV1Mkl4SE5OZEJ3VE5LNGRuOXdOak9CM2RSN09Vdng3OTFrM1B2bVlsaFpZQ1IzS1c5V3FSbnRsSmdFV2hYRWVtMUJ0eFlMRW5ENzJYNzQ1VlRKMDlNaDI1Y21VcTRKZV9VWHVpdndXX3lhWHFBMkVfcURQemNmUTBpYWxIcUUtYTdCVFJBM0pKSDRGVE8xRy0zb016anFpOUgwQk5VQkVuZTVuUWJHWlZsc3Y2SFdYXzNZNzZTUnMtNFhEWUZzRTlFSW5XbXd5c9IB9AFBVV95cUxNM1dmRmlUeUMzd3BGVlNtX1A2TEliNDRKNzYzSXBYYldlZnNfLTJOR196QVlXalJFaXF4ak11YmdKaTZLN0ZoOXdsbFVHY0RfdWFOdjA2UEFyNmJCdGRCVVFqMWRkOWhCTm5IbXBBZ0xxWXRsOUh3VE9QaENveGV5WExWeUx4Z29ya0VOS3RoR29WeTA4OXM4XzNJWlhnc0dQcm94NjhOc0ZkYkF6a2NFckxicWZxaHV5M2RMRlFvTW1ibXdqMTdqUl90VEltSFZucGFtMzhlaDlMZlJ0M25UZWYxWDlXLTE5SzBHREoyVUQtZW9E?hl=en-IN&gl=IN&ceid=IN%3Aen
"Days After Rohini Blast, Fresh Threat Mail To All CRPF Schools in India Triggers Panic",https://news.google.com/read/CBMixgFBVV95cUxNZXlvVDBIYzBaWVZjYWN5Y3NVY1NyVzBBMGxKRXl2LUk5a3liODJhcjYwaVJteTFkRXBBMlZkM1RVX2UwUnp0VTZyNmM1OENtN1BtUXNzM0J0Ykk3T1ZIc19jUE1zT3dxOGg5YTRhYUdpdVpGQ2hEY09yVTVXSVZtTUhkUlZ5d3ROS3U2RWRvV1V4d1picGJaMXl2NG9jU3FRN1h5aE1WT0ZpM0VhLWdYZlFBZWkxMzk5MU1LWGh5Z1owV0FYVkHSAcsBQVVfeXFMUGdtdUxZSWhPYTI4WDhKZmZyTTRsckEzU2ZfQ1huTzF4LWtiTEZYaFNjNVhUckp2Q05MeFNjREtEVU9FTmhWa2ZOVTNzMFR5cElnYjVGRW1tWVhZUGFxRVRZenB4eEdVRnc2My1QSmdwTFZWaFJ0Q1hiVHY2R0NvUjdsTV9yUUtOY1kxR0Q1a3NSRWUyT1BPWktJZnhtQzZKZ25HcHVxbkpXaTRTZVpwQXhlbjM1X1MwVnJkN0FGQnB1cmhYMkFuTUlMOFU?hl=en-IN&gl=IN&ceid=IN%3Aen
"Hyundai Motor India IPO Listing Tomorrow: GMP Turns Positive, Indicates 5% Gains on Tuesday",https://news.google.com/read/CBMi0wFBVV95cUxQN1I2bkE4M1BWRUR2bkRBbXQtSDB3bkFJMDNIMUlidTd0aW1Ed0E3eFR3MG9peVVIa1A1MHVNNjlVdlBjQloydzdrdGU1dGVzZjVDakp6UzJ4ZWxSSld1Zk1uNlVCQ0NicllvU2E1TzdxaFdCeGluOXU5LTdxTUlPWEp4NXhOU09nV0dudFZpNjVTcjc3Y2p3THdtOFlqSVJwTkxIdmtVcnRjRXZBQUxubFFqbk1hOUZfZnNXem9QaGJObnlmQllxcXVZaVNHZ0QyRzFR0gHYAUFVX3lxTE9idDhaVG1hbWNqMFFlV3ZRdDJDVDN3X0FWR1RfbkZGTURYQW1YbFp3TGZuLWgyR010UUgwR2J3eHViYURKZG1jRVhNTExER3VMR1JIeS1PbmlTcXR5V1pFcUx0NFQwM2tHSHRmYV83R0RXN1o5bG5aV0JwcU1kc3M5OEpKbGtua3JhVzA1aVFUS3dzYlJwb3dqdUdyUHZlNmo2djlhaDZpUEk5eGYyQUZ5bDNNbnBMZGYyaG1ockZrTC1EcDU0UWRnS0txT254eDBrbzJvQkp0bg?hl=en-IN&gl=IN&ceid=IN%3Aen
India News,https://news.google.com/read/CBMiQ0FVX3lxTFBqZ2FUX0ZwTjV0dHJsWTRsel9waGU0RWdWc3RER2g5OFZDRks1MHF1V01mbGxsVExDLXZkVm5lenpFTUU?hl=en-IN&gl=IN&ceid=IN%3Aen
Sign in,https://accounts.google.com/ServiceLogin?passive=1209600&continue=https://news.google.com/search?q%3Dvictory%2Bindia%2Bsite:news18.com%2Bwhen:1d%26hl%3Den-IN%26gl%3DIN%26ceid%3DIN:en&followup=https://news.google.com/search?q%3Dvictory%2Bindia%2Bsite:news18.com%2Bwhen:1d%26hl%3Den-IN%26gl%3DIN%26ceid%3DIN:en&hl=en-IN&ec=GAZAqgM
On This Day in 2019: India Sealed a 3-0 Victory Against South Africa in Home Test Series,https://news.google.com/read/CBMiywFBVV95cUxNempYd1BxeGpreUFLRDdGSWkzNzVTWGM2RXJ3TG81b3E2ZzZTc0c5MUNidnUtT1RtVFpJN2Q4ckptSHVPV1RFX3drMTZrVTZyRzd6VlVBRGVFamtJZDRiM0owdEN5bll5dnQwZ3k2Y2Y5bEZVREFiUmNWTmpEMXdDb3dQWnFVeEM0TVVBazBtdEpnYjlqb1BJaEViNThXcXRZdTh0bmU4ak0zUzdtZUdmdVNYNUxNejBHTWlKM21HbVplNnJYaVdsb09mWdIB0AFBVV95cUxNN1U1TlF2TV9wbHhrQTJXZDVuWlg3d0JvUENxajNGcVhKbXBmRFEzeFJpR2pXZGl3S19JQ2dtYnNiak1XUTJZNlN2OERzT0NfN3hNZkQ3NEJHbkdsLUZWZllRMldCSkxPRzBJVV9vbXZDdi1RWWFzZTJjc29qelZ3M3ZQVGNjeVpIbG5ESVJYLUtGMDFlSzlKWTVIUXZDaExuY0ctMnhRWHRDb3dGQ3NaazIwc004aVVUNldfR200UnNYY2taUXBOQ1dPWjJ0ZURx?hl=en-IN&gl=IN&ceid=IN%3Aen
"Latest Shorts News: Short Videos, International Updates & Quick Updates",https://news.google.com/read/CBMiSkFVX3lxTE00MmZIWUw1WmNGQXFxdGJEY0FoS3FJdVhPMTRYZWVmcDF3RmR5Ump2bVVtcTNRQ1RsUnd5ZVJxNTlUSVBIeFU1RzV3?hl=en-IN&gl=IN&ceid=IN%3Aen
Kane Williamson Ruled Out Of 2nd Test Against India Due To Fitness Related Issues,https://news.google.com/read/CBMiwwFBVV95cUxOUmlwcVZlQkV4Q3prZ3Z0NXl6cmpuN2x6Sy11MUI0bFo2TG9WcWczdmhNR3pFaTY0TjhaZjN0b2tfbmMtaXF2Z096M29PTkt5WXEyeVAtbDBxSjFSY0pZeWJKSFJQSEtYUGJQaW56a2U4Q2dOaG90VGc2SF8zUVlYTGQya215UlRDanJpZlNZNmFreU5obkpUeEQtelBFMjRpYTQtUzlhSVZCZ1YtZlN2UVgyS2piNmJDU09rZTkxUUNIQ3fSAcgBQVVfeXFMTkowMWpKM21xQmJybkl4WXpKSm8tTGtMR1J0amk2Z21Zd3J1Zk9nYUFqbE9scjZob1BDRDhmU2xkbk1MS0VsSkdBT2w5TlBmZnE1QXVRM3RDUWNoTnJkU2hJek1zZDZESE9EOHRVczZ5d3Z4TU1oMG9yRVNjb3hhLUl5TVpKM2V1c1JyTFU0UFA5ZEgyd2ZQNUp0LURtTmJyVUk0NWVzMTNhc2hhdzUtaUpuQTVqUTRZQkFpVEFsU2ZIQnUydzAzUk0?hl=en-IN&gl=IN&ceid=IN%3Aen
Ryan ten Doeschate Gives Fitness Update on Rishabh Pant and Shubman Gill for Pune Test,https://news.google.com/read/CBMixgFBVV95cUxPcXNMQmFCLURNUmszOFg1Q3hnRGFYM0ZFSHFHVHpyY28tNTlYTFBOWnJvdjAyNUVXVS1YRlAxejJMT0FxNzFsY2pORWtGVERQemxFeXUySHBUUzRhVGI3NXpQc0NUbGpMQzB2ektfbG9QWFhQc2JKVk1hSVJHWG5peEdGd3JfdEVMWXI4dy1nLXR1dU5hdm14Y1J6d1VrNDBYMk5GVXExZHl6YW52S2c3cnpCa0pGQU94akFSaDh3ai1FY1FsR2fSAcsBQVVfeXFMUFBoU2tBU09scmFGYkpLZWxlUDhfaENLOTh6ck1PMi1famZnNnhBOXFvMllFeTg4d1FqWUt6ZjhBZm5jNWNMTmp5dVVMdFdTQ3M1Sy12azZJd3owVGNMdXdtVTJHVHZGU1JUV3hCeUNfRE9BckFPaU9VME5iRG9VRFQ5UW1sNzBJQU5vZ1dkcDVWbWU3SmtNdU1qemhWMVFPT2VzbDdhTXhWbjVrcktiSk5WQS05V2hJUnM1TlNuOTJEbXgyV01Ka00wSlE?hl=en-IN&gl=IN&ceid=IN%3Aen
Prithvi Shaw Dropped From Mumbai's Ranji Trophy Squad Due To Discipline And Fitness Issues – Report,https://news.google.com/read/CBMi1wFBVV95cUxQSlJtSlNKS3dPLUhKT3ZQQjMxNTZ2cE5EckEyN1d1VmgtYXB0ZjlLV1RWTm1nWmJUd2NCamJaQkU5Q0g2OTMzNE5yVTlMM2gtVXFGRkJuTU50ejNqdGhkUkxxd0JFcFFkMnRFZVhJVkY1UG1UYzhoX0VVOUtHcVdoUHVfVmtXVUhCclhhcWNLMkpXYkhGTURkLXQ4eUlHYTdGeUlaVGNVZklPd1lJekI3NWxKSW9XVkZuYzVwNTZ3SklISmpkWkFyLWRyYkozSUE3a0VpajQyNNIB3AFBVV95cUxQSE5GcU12MnZ0bjVEaFB1MVpORTZzem5HX25qM1NHZFloQnhybEdNd2JsUVFmOER2b1hqQk9hUVJMVWwyMHZYY2M0Q2szYVh4NUl0TEljSDg0TzF1aFdJb3lpQjBXTi1LYVFYV2Qzay02VTVvcE8yakotZjlkbzZicmZCd0ZiWFdTYTdONmRiclBEOTVPT081eklJMGJrZG5uR0p2dTVialVlSEx2blJNODEzX0NVbzFNaEV6UkxOSWY0U1FURnJVb1BTY1MyalZ3NTlScnc4bkN6ZlVq?hl=en-IN&gl=IN&ceid=IN%3Aen
Sultan of Johor Cup: Unbeaten India Outclass Hosts Malaysia 4-2,https://news.google.com/read/CBMiqAFBVV95cUxNTW5fcXdXRFNaY3hJX1VMUEpHaVpnMTFwcmFfbXJPeXRDMU50VkNMdXVpdTdaYlFublEyOG1rV1psSVZGRHBoc0xlX2N2STAwbzJRSndydUNtamY0NXZJZ05ScEkwdFJ3MGN4ZGVmRzBFYUFWd1RDa2ZLZ084cnFLd3JEWS1TMWF1N3R6UlZNOEFJbFgwTExsb0Jid0c1dDdsMnB1dGxkOTHSAa4BQVVfeXFMTWdhaU9UekJJa0F2bDdZZFkwbVJiRTM4ZVJPbl9mc0Uta2J5VE00THcwZkl0VTRJN3ZEbXBxU3hhZDB3cEVuS2pWRGZ0OGJsLXp4WjdnSTRlRVktTV9UOVZWSUNGbHdOMmpoS2VxZzJiUnpkc0toQ1J2VnFxV0lvUkVHNVdmUzk1Q2dFZEF0OW8zRTl0T0ljOW5RYnhqRXNDd21hQ3NOQklsSkJhbzFn?hl=en-IN&gl=IN&ceid=IN%3Aen
"Priyanka Chopra, Parineeti Chopra’s Karwa Chauth Outfits Are All About Comfort",https://news.google.com/read/CBMivwFBVV95cUxObGNKZU1VUU1ydlhDbEV3UzNCR2ZSamRTUHRJazVZYzRUS0QzeUd5T3h5YVBNYnpFc2dWVGlabkRZUDdGa2tJTXo0cmlNMFFrNzNONVJNeWMxRE0zcUxrd20xTHdFU3oxYTQ1OHFyRjFfLUhSTVRGak5ZMTBySG1CZkRQOFhnWUR2UHA5U3ZiMl9HdEVXbDl6cXJkUGVtaTJIa2NmY0NGdzBrRTBsdWVIR2MxbTVOMlJaNTNfY1diSdIBxAFBVV95cUxOcjVXSk55bXU0bENuYVBkQ3JDb0h2RWR0TnJuMXcwX25XVFo2QU44VWM3dklJQ1hiR01ENk1MMDF0VjlVOU05akE4ZHVPb2FORUM0dWxfVVA2LXlNNUxyc0pMRF9iZGV2MjBXUHpaRzMwdm5UQjFnT2JLak5XWDdxWnlmTWszcjRDZklaa3JxbmFNT1NiNWo0UWthX21HbzNHREtQeG5wWW50RktKb0FFTmU2aGt5Z0NHY3UxT1NIMXFwZlg0?hl=en-IN&gl=IN&ceid=IN%3Aen
Neetu Kapoor And Riddhima Kapoor Sahni Look Regal In These Traditional Outfits,https://news.google.com/read/CBMiwgFBVV95cUxQVGZBZ3ZWVHV6WTVGVTM0dElJVHF4N3RoX3psQXRrSXhiUFVjNWhHbUFFVFpUcDhUcUlOc2ZmVTJGVkJjakVZM2sxZzRsajJIaVBtMUlCN21Dc2VIa1RkcFdtYkx1QTYxTk1nb2hhY3BoV255YnpmLTZaTmg1Z0Z6VmZnUGZJeFJyam93MTFpRVpRbzFBb01zd2VBY1A1U3pjUWFtbTNld0xFdjFMdjY0WkUyZjd1YjEzdTMwM1h0Wm5xd9IBxwFBVV95cUxPaGVCMC1FcjBYWkJsS3R3RVVDQ0h3T2VGSEhhSUxBWnozOVFMOHA3bURrY180czZ3dmhqaS1mZVZNbGdsY0ZIaENmX0c1TVRHRWktTDIwQVA0OXFDYkJNSmZSSEQ1bmdGc2FTNVZUa3BzekxJdzFTc2FLeU8tQTg0U3FSaUtfR3VET2N2VUNaLXlyaE9UQ2RfZXRmbHp3bnozcmlrTDVTbEhSVnl3dDl6MUhKVVZIMk5GSnc5OHVWRUVNeWt5WVVJ?hl=en-IN&gl=IN&ceid=IN%3Aen
Want Korean Glass Skin Without Breaking The Bank? Try These Simple Homemade Masks,https://news.google.com/read/CBMixAFBVV95cUxNNzNydUY5TmlERFRqWDhoOTJpZjlhUXg2emdOcXlRWDBhd0lydl91NDRocXNWXzFWM1ZrMzI0UkY4dTA0enE0dFJfTzJJdW5QblB3NEZnX3U3WWllaXkteXZubVZRSFlLcmZkNmlsZFgyTFBPbzNSUmxLcDhwMnlPamlzSkZTSXBFMTlmR3hPZlZCOG96VVRNZ0RsTVNNcnlRclFlVzRCM2xwMGJwNGFwUmhxUGpiOWFrMnktRU1zdGVyWm9R0gHKAUFVX3lxTE5CQi1LSVdIRGM2ZG1kNDVfRDk1bTlkMFJmT1V6MmJXNUJuRi1KbF83MS1sLXduNTl6RWtqaGpXeXNzQVI4VTNOeE5GV0RHWUhCOUJaZEhDRFkzMWVYTGxzZ29EdjZtalI2SS1IQWVsNmFFLW1TR25XVEVPdWhOUUFLZU5laE5yRlA0d01xOGZKbURXSEMxYVpScUVEVnFLZnc0anpKQUJPeEl1VnN5a1o2RksxWkJPOG90SmNDMExNUWlJSGdKZ2pjMWc?hl=en-IN&gl=IN&ceid=IN%3Aen
Not Rishabh Pant's 89 at Gabba! Pat Cummins Names This Indian Legend's Knock as Most Memorable in IND vs AU,https://news.google.com/read/CBMi7gFBVV95cUxPVGtvczFGcVNoNjc3TmttejcwdzdZS1JpWG9oZ1pnc0JjWmg5X2dMdlhWZEU0TGFMbTdKUVI5bEZJR29UR1Q1NFlIOUtzWWR6XzVVRUhkZUx5azYwNWVYbUdnckZwN2J0YXdQczBSdmRad2tuWjVHNG83SDV0N2FjVFVVclV6dGdWTnI0YVcwcmJOVEx5NEFydHktMVc1TjhydnJTSi1Oek0yeDloWGN3Y0toZ3BCN3g0SWxqdnRmcTU1TU5xa1ZpSGhUQzB4WTJOS2E2NXVBOW00WUhGbkhjbGZBMnRmclVIbTdJYlZ30gHzAUFVX3lxTFB4YkNjZ2Z6MXVwOGVYbzhXN1YwRkdSZTJZZF9ZdVhnMzQtMVlTT2x0YUhLalBFR0FCMmRVVHJSUkNIZ0EyUk9iYmRjVTZYT2pUM1poM0s4YkdQS0NnMU9kWlVCSmtkOXE4RURGNy1ZWm1ibVBHMGxhUjBITFU1aVFHWmI4SEhjSU42MThkbTlGdUw1UndnVGRpSHdROHhZTlR5NldweGNGckp2TS1Kb2UxY2Z0Z2RmUzY1Z1hObWR5RmN4alN1TG82dWtTS2ZCaTd2QkwydGN4bVBpR2xBMnpCZU9paWFYOTFwMlJvUl93MUt1Zw?hl=en-IN&gl=IN&ceid=IN%3Aen
RMA vs BVB Live Football Streaming For Champions League 2024-25 Match: How to Watch Real Madrid vs Borussia,https://news.google.com/read/CBMilAJBVV95cUxNZXgxZllhS3otS0lVMzdsb0xUYWg5WG5sbXVUdDVMSm9mUWNYdUp2TThCUzhyU1FHaUc0VmtUdkFBOXYyR19pT3paNGl6VmtvV1Fna2J6WjJvN3B5bVF4N29zSDBCNVFBcDd5RE5wLUk3ZEhKQW5rWkVtZjU3TWpuSnNMckkwLVdEUWJuV0lONExLRDYzaE41ZEptdHV0OVFrN3dOU0Q5UU02cTRhNENWUy1uZXpFcmU0dWpYbVZNWnVDcklvUC1OeVlpQWVkM3oxejVpYkNlaURjX2hQYlhfdG1icWYtSGZvZi1MZzBhYWhfTlEzMFJMNEcwckZrMnBQNjhPemVXU1hMSl9zUFQ5c09lSE3SAZoCQVVfeXFMUFJNcWszQVBHZ3RnR1Q5dVFVZGtlVXpUOWc4Yy1wa2x4MUJZb2czQ1IwRWVKNnFqVmVSS0VRaUstUVJUQ1ItdGg5RC1qTmhONExzVUNKZ1ZkRWZSLWNnYnE2c09uQU0tUHhkUzFWT2d2amdVVXJnRFdLamswekFJY3QwNElhMl9waWI3NjBBTmFnODJ4Y0VrRWNNaHZXOG1yVDZzWTJ2X05neVJPUWktMXpTMVB6NWc5cnJpM3BfWjgwVE1uYmlTcWlxV0d1Q1ZyVVZrVW5BNmRoQkJLaXA4Y21JXzVaMkJEdzdiWkZkUjJoU3BjelAycjduZjYwUWtYUWVxWWM2MUNKQ242M1lvLXhTQVVpN2R4TFVR?hl=en-IN&gl=IN&ceid=IN%3Aen
Peace Talks With Russia Depend On Outcome Of US Election: Zelensky,https://news.google.com/read/CBMiqwFBVV95cUxOOHd3T1B5WTJILWJ2WkhWWm44N25HLXVuQ0JjdTR0MVk5eDlYc1hJLU1wNHVHYjNxX1c5R0hRMldJdjFVQTJMbldLSENUcDFuOXRZZzV1WGZEU0VDdXZSXzYyY05pcFAzSTFvWS1jRTgyQWk1Q0YxUktZWmdVUTg0VmxQcGRuc3R4NUJKS2lqZWVuX2wxUkY2WGRQaWJFZEhKWjFyUXFER3lfQ1nSAbABQVVfeXFMTU1RTkMzUGRuLUlGZnVCenpQRzN5bU94b2haTFhvWGtwYWJxUXZ6bF9LVEdGOV9nSzhKNFpJdzAzVXRla3V0eWJ2ZkZWS0ppOFpVVWtaTVU3VjFlbjdkN3dIcnBwN2g2RUtTU0VlbGxZOG5QMjJhQ1k2Wi1hU2FpTzJGbGk4ZlI0VTY2OVlnTmNoMDNUbHViLTYyUHRyWXI5UFNrNWZRcXFVWVVjdW8tWlU?hl=en-IN&gl=IN&ceid=IN%3Aen
'The Goalkeeper is so Poor': Liverpool Legend Slams Chelsea's Robert Sanchez,https://news.google.com/read/CBMiuAFBVV95cUxNNDFJWXFuWnRVM1p1YjVPTTlDYUM0OGF2ODhrR3k1WGlMZC1FOGc1TXRjNkJNdHFoQU45NlQ4ekNnQ0otb1FTYWtRRDFGemVuOEJuV0xhVlRrMFRJcXlpcUpQSlY5SVg3M2dmdkdJWmY0MEhNZnJTQ1hsV2ppY0xLampHNk8taWJrakNzOXVwb1I4N3AtckFVOUYyTHVEdUY1M0FXeGlkMXI4U3hIYUdGOVgtR2NlQlJh0gG-AUFVX3lxTE9KZFBYV25YTXpYbHUtZlZxd0IzUndQc01QMlR6eXJibmVPY1lIMGxuWFJ5UXpqVEdFcGtyLUVaRWFOR0RSLWlpdmtrMERoVS05ekJKWFFaSVJvdDhYQU9DN0hwOVY2NVo2WGYxc000dFJlTk51NEd6eF83WHhlSndianREZmdfUUY2UktwSC1LeGFqRGFDeEprczFpMk9kbVY5Z0JacjFmZG1uUVJfLUY5SUdyNUxJbktrYlZzNHc?hl=en-IN&gl=IN&ceid=IN%3Aen
"US GP Talking Points: Verstappen's Form, Wolff Piles in on Stewards And Lawson Strong Contender to Replace",https://news.google.com/read/CBMi8AFBVV95cUxNeUdGWGVQSnJPVVFzQ0JNRWxjOUhmT0R2QjA2TnZaSThsdjJqc0JoVUIyTTdwUFFDQldLNXRFQkkza2hibnFMX0VXNV90eE0xWUVoOEVxemNhNFBubkw0WmpHRXZ3dnR2NEZaOW1FRTdERUt2bGppY2pnQzR3YmhKUXJFekFMeVNWVi1OV0RTTGhtS3ZZcVdqM1Y0eEpTNlVDWkpDTWt5R0pxemtCTFp1RExRMk9uN3NNWTJaemJuT3ZEMGxTbVZER2VXRm5lMXh2R2RhdWFfeWVhYkxhWGVwUFV3VjBaOGpEQzNiYjIxZHDSAfYBQVVfeXFMTXZQOXlvcy1DTnRtWFJjWGFtZ3lFb19uRWJPdmhWLVJrb0xQaWJlSXFXY1VtVHZKVGZNWjFlaHNPWG1RZ1NVbkRDREpNRkE2NFByV0xPcUdCZndyYlZTZTRJdThiOFdEVVV1OWc5dE1Dd2gzeHc4bVdqbGo4WTd1bW5iNVFrZzhWU1lsUXFkTHNQNVBxdUFNLWp5NjYtX2hCVTUzQXM2QU0xeWl0YUlRcUN1QzloVGZwLUVQRm00T2V6TFUwblpXdlBsUEVkMmFfbF9LX29zcHlqSnpEUjdzbkVGZ3RyNV8tSlFnNGYtVUpuS1o4dVlR?hl=en-IN&gl=IN&ceid=IN%3Aen
